Nom de l'entreprise,Note,Nombre de reviews,Catégorie,Site,Adresse,En France,Pourcentage 5 étoiles,Pourcentage 4 étoiles,Pourcentage 3 étoiles,Pourcentage 2 étoiles,Pourcentage 1 étoile
Champgrand,4.8,"13,236",Clothing Store,http://www.champgrand.fr/,"4 Route de Saint-Mards, 76590 , BELMESNIL, France",Oui,87%,8%,2%,1%,2%
Moda di Andrea,4.9,471,Clothing Store,https://modadiandrea.com/fr/,"79 RUE DE LA VICTOIRE, 75009, PARIS 9, France",Oui,96%,2%,1%,1%,2%
Bonobo Jeans,3.9,201,Clothing Store,http://bonoboplanet.com/,,Oui,46%,5%,1%,7%,41%
Vinted FR,3.4,"40,485",Clothing Store,https://vinted.fr/,,Oui,43%,7%,4%,4%,42%
Cocorico,4.5,"15,123",Clothing Store,http://www.cocorico.store/,,Oui,77%,11%,5%,3%,4%
Painful clothing,4.8,137,Clothing Store,http://painfulclothing.com/,,Oui,97%,1%,1%,1%,1%
Fuzz Bayonne,4.9,481,Clothing Store,https://www.fuzz-bayonne.com/,"12 rue Albert 1er, 64100, Bayonne, France",Oui,97%,2%,1%,0%,1%
Hast,4.8,291,Clothing Store,http://hastparis.com/,"20 BOULEVARD POISSONNIERE, 75009, PARIS, France",Oui,89%,4%,3%,1%,3%
Morgan,3.8,518,Clothing Store,http://morgandetoi.fr/,,Oui,46%,6%,5%,4%,39%
Footkorner,3.4,"1,960",Clothing Store,http://footkorner.com/,,Oui,0%,0%,3%,2%,35%
BAISI Hair FR,4.4,"1,218",Hair & Beauty,http://baisihair.fr/,"44300, France",Oui,76%,6%,2%,2%,14%
Sessile,4.8,"1,030",Shoe Store,https://bit.ly/3NSdH3j,"42 Rue Albert-René-Biotteau, 49570, Mauges-sur-Loire, France",Oui,87%,8%,3%,1%,1%
tajinebanane.fr,4.8,924,Clothing Store,http://tajinebanane.fr/,,Oui,89%,6%,2%,1%,2%
Holekings,4.0,3,Clothing Store,http://www.holekings.com/,,Oui,0%,0%,0%,0%,0%
Sarenza,4.1,"3,777",Clothing Store,http://www.sarenza.com/,,Oui,53%,5%,2%,3%,37%
CQFD Avignon,4.8,129,Clothing Store,http://cqfd-avignon.fr/,"7 rue des trois faucons, 84000, Avignon, France",Oui,91%,5%,2%,0%,2%
MYZAH,4.9,254,Jewelry Store,http://myzah.com/,"25 rue de Ponthieu, 75008, Paris, France",Oui,94%,5%,0%,0%,1%
Tourismo Clothing,4.8,135,Clothing Store,https://tourismoclothing.com/,,Oui,93%,3%,2%,0%,2%
Fitmefor20,4.0,4,Clothing Store,http://fitmefor20.com/,,Oui,0%,0%,0%,0%,0%
bottinsarl.com,4.8,336,Clothing Store,http://bottinsarl.com/,"Rue Maurice Burrus 12, 68160, Sainte-Croix-aux-Mines, France",Oui,0%,8%,1%,1%,1%
Univers du Japon,4.8,"3,603",Clothing Store,https://universdujapon.com/,"66 avenue des Champs Elysées, 75008, Paris, France",Oui,91%,6%,1%,1%,1%
NORM-CORE,4.3,"1,605",Clothing Store,http://norm-core.com/,,Oui,72%,12%,4%,4%,8%
Crazy Frings,4.8,"1,605",Clothing Store,https://www.crazyfrings.com/,"12 AVENUE PIERRE CURIE, 13980, ALLEINS, France",Oui,92%,5%,1%,1%,1%
Theblackluxe,3.4,2,Clothing Store,https://theblackluxe.com/,,Oui,0%,0%,0%,0%,0%
De La Mode,4.8,216,Clothing Store,http://delamode.fr/,,Oui,92%,3%,2%,1%,2%
Vestiaire Collective,4.1,"72,807",Clothing Store,http://vestiairecollective.com/?utm_medium=partnership&utm_source=trustpilot.com,"53 Rue de Châteaudun, 75009, Paris, France",Oui,59%,9%,4%,3%,25%
Warm People,3.8,2,Clothing Store,http://warmpeople.co/,,Oui,0%,0%,0%,0%,0%
Boothbee,4.2,6,Clothing Store,http://boothbee.com/,,Oui,0%,0%,0%,0%,0%
Offrandes,4.9,140,Clothing Store,https://www.offrandes.com/,"28 rue Rabutin Chantal, 13009, Marseille, France",Oui,0%,0%,0%,0%,0%
Boutique Route du Sud,4.8,875,Shoe Store,http://boutiqueroutedusud.com/,"53 rue Emile Guichenné, 64000, Pau, France",Oui,91%,6%,1%,1%,1%
Caprices 130,4.9,384,Clothing Store,http://caprices130.com/,"130 Avenue du Général Leclerc, 75014, Paris, France",Oui,97%,2%,1%,0%,1%
Schmiede Mode,4.3,7,Clothing Store,http://schmiedemode.de/,,Oui,0%,0%,0%,0%,0%
Maison de MaMoulia,4.9,"2,309",Clothing Store,http://maisondemamoulia.fr/,,Oui,93%,5%,1%,1%,1%
Kalos France,4.8,"1,457",Jewelry Store,http://kalos-france.com/,,Oui,88%,7%,2%,1%,2%
WeDressFair,4.8,"2,149",Clothing Store,https://www.wedressfair.fr/,"4 rue des capucins, 69001, Lyon, France",Oui,87%,9%,2%,1%,1%
Bonobo Jeans,3.9,201,Clothing Store,http://bonoboplanet.com/,,Oui,46%,5%,1%,7%,41%
Vinted FR,3.4,"40,485",Clothing Store,https://vinted.fr/,,Oui,43%,7%,4%,4%,42%
Cocorico,4.5,"15,123",Clothing Store,http://www.cocorico.store/,,Oui,77%,11%,5%,3%,4%
Morgan,3.8,518,Clothing Store,http://morgandetoi.fr/,,Oui,46%,6%,5%,4%,39%
Footkorner,3.4,"1,960",Clothing Store,http://footkorner.com/,,Oui,0%,0%,3%,2%,35%
Fenekia,4.7,192,Clothing Store,http://fenekia.com/,,Oui,0%,5%,1%,2%,2%
Cars and me,4.7,755,Clothing Store,http://www.carsandme.com/,,Oui,85%,9%,1%,2%,3%
BAISI Hair FR,4.4,"1,218",Hair & Beauty,http://baisihair.fr/,"44300, France",Oui,76%,6%,2%,2%,14%
Oraije,4.6,410,Clothing Store,http://www.oraije.com/,"71 rue de provence, 75009, Paris, France",Oui,81%,8%,2%,3%,6%
MR MARVIS France,4.7,"4,267",Clothing Store,https://www.mrmarvis.com/fr,,Oui,86%,9%,2%,1%,2%
Crève Clothing,4.7,752,Clothing Store,https://creveclothing.com/,"13 Rue Flandres Dunkerque, 53940, Ahuillé, France",Oui,88%,6%,1%,2%,3%
VEROMA,4.7,94,Clothing Store,http://veroma-boutique.com/,"47 avenue germain tequi, Saint-Juéry, 81160, France",Oui,92%,4%,2%,1%,1%
Bad Doggies,4.8,109,Clothing Store,http://baddoggies.shop/,"33 Rue Gustave Courbet, 33660, Saint-Seurin-sur-l'Isle, France",Oui,96%,1%,2%,1%,0%
Holekings,4.0,3,Clothing Store,http://www.holekings.com/,,Oui,0%,0%,0%,0%,0%
ATELIER WEAVES,4.7,413,Clothing Store,http://atelierweaves.com/,"12 rue Amiral de Grasse, 06000, Nice, France",Oui,89%,7%,2%,1%,2%
Chaussettes Bambou,4.7,346,Clothing Store,http://chaussettes-bambou.fr/,"32 rue Nationale, 72000, Le Mans, France",Oui,0%,12%,3%,2%,3%
Sarenza,4.1,"3,777",Clothing Store,http://www.sarenza.com/,,Oui,53%,5%,2%,3%,37%
Nb08shop,4.8,86,Clothing Store,http://nb08shop.com/,,Oui,93%,4%,0%,1%,2%
GODWEAR - Marque de vêtement chrétienne,4.7,32,Clothing Store,http://godwear.fr/,,Oui,0%,0%,0%,0%,0%
Fskorp,4.7,120,Shoe Store,http://www.fskorp.com/,"4 avenue de Lauterbourg, 69160, Tassin la demi lune, France",Oui,89%,7%,0%,1%,3%
Cotton Park,4.7,237,Clothing Store,https://www.cotton-park.com/,"Rue des Filles du Calvaire 4, 75003, Paris, France",Oui,87%,9%,1%,1%,3%
Horizons Lointains,4.7,"4,539",Clothing Store,https://horizons-lointains.fr/,"9 rue la Praya, 33950, Lège Cap Ferret, France",Oui,87%,7%,3%,1%,2%
Fitmefor20,4.0,4,Clothing Store,http://fitmefor20.com/,,Oui,0%,0%,0%,0%,0%
Aprizo,4.6,"1,549",Clothing Store,http://aprizo.com/,"72 rue Archereau, 75019, Paris, France",Oui,84%,9%,3%,1%,3%
NORM-CORE,4.3,"1,605",Clothing Store,http://norm-core.com/,,Oui,72%,12%,4%,4%,8%
Dimension Stores,4.7,194,Shoe Store,http://www.dimension-stores.com/,"28 Rue Lanterne, 69001, Lyon, France",Oui,94%,2%,1%,1%,4%
Theblackluxe,3.4,2,Clothing Store,https://theblackluxe.com/,,Oui,0%,0%,0%,0%,0%
Vestiaire Collective,4.1,"72,807",Clothing Store,http://vestiairecollective.com/?utm_medium=partnership&utm_source=trustpilot.com,"53 Rue de Châteaudun, 75009, Paris, France",Oui,59%,9%,4%,3%,25%
Warm People,3.8,2,Clothing Store,http://warmpeople.co/,,Oui,0%,0%,0%,0%,0%
Solinaboutique,4.7,141,Clothing Store,http://solinaboutique.com/,"4 rue montesquieu , 33000, Bordeaux, France",Oui,84%,11%,2%,1%,2%
Boothbee,4.2,6,Clothing Store,http://boothbee.com/,,Oui,0%,0%,0%,0%,0%
Marc-Antoine Barrois,4.7,95,Beauty Store,http://marcantoinebarrois.com/,"14-16 Rue du Faubourg Saint-Honoré, 75008, Paris, France",Oui,91%,4%,2%,0%,3%
Schmiede Mode,4.3,7,Clothing Store,http://schmiedemode.de/,,Oui,0%,0%,0%,0%,0%
Kalos France,4.8,"1,457",Jewelry Store,http://kalos-france.com/,,Oui,88%,7%,2%,1%,2%
Super Spectre,4.8,50,Clothing Store,https://www.super-spectre.com/,,Oui,0%,0%,0%,0%,0%
Bonobo Jeans,3.9,201,Clothing Store,http://bonoboplanet.com/,,Oui,46%,5%,1%,7%,41%
Cocorico,4.5,"15,123",Clothing Store,http://www.cocorico.store/,,Oui,77%,11%,5%,3%,4%
Vinted FR,3.4,"40,485",Clothing Store,https://vinted.fr/,,Oui,43%,7%,4%,4%,42%
Morgan,3.8,518,Clothing Store,http://morgandetoi.fr/,,Oui,46%,6%,5%,4%,39%
Footkorner,3.4,"1,960",Clothing Store,http://footkorner.com/,,Oui,0%,0%,3%,2%,35%
FUSALP,4.4,714,Clothing Store,https://fusalp.com/,"177 rue Saint-Honoré, 75001 Paris, Paris, FR",Oui,81%,4%,2%,3%,0%
BAISI Hair FR,4.4,"1,218",Hair & Beauty,http://baisihair.fr/,"44300, France",Oui,76%,6%,2%,2%,14%
Koukaparis,4.5,"1,271",Clothing Store,http://www.koukaparis.com/,"1, rue Vincent Compoint , 75018, Paris , France",Oui,73%,7%,5%,3%,12%
Chaussettes De Santé,4.5,258,Clothing Store,http://chaussettes-de-sante.fr/,"32 rue Nationale, 72000, Le Mans, France",Oui,81%,0%,2%,1%,6%
Labdip,4.5,594,Clothing Store,https://www.labdip.fr/,"58 Rue Amelot, 75011, Paris, France",Oui,78%,0%,4%,2%,6%
LYOUM,4.5,79,Clothing Store,http://lyoum.co/,"1 rue de l’Abbesse Eremburge, 91190, Gif sur Yvette, France",Oui,85%,5%,4%,1%,5%
Holekings,4.0,3,Clothing Store,http://www.holekings.com/,,Oui,0%,0%,0%,0%,0%
Made in Sens,4.6,84,Clothing Store,http://madeinsens.com/,"2 avenue Jean Jaurès, 92120, Montrouge, France",Oui,86%,7%,1%,2%,4%
Sweetplaid,4.4,"5,678",Clothing Store,http://www.sweetplaid.com/,,Oui,0%,12%,6%,5%,17%
Sarenza,4.1,"3,777",Clothing Store,http://www.sarenza.com/,,Oui,53%,5%,2%,3%,37%
My Qamis Homme,4.6,47,Clothing Store,http://my-qamis-homme.com/,,Oui,88%,6%,2%,0%,4%
Ava Be,4.6,236,Clothing Store,http://ava-be.com/,"Place Delibes, 13008, Marseille, France",Oui,91%,2%,0%,2%,5%
Paradigme,4.4,535,Clothing Store,https://paradigme.fr/,"5 Parvis Alan Turing, 75013, Paris, France",Oui,82%,8%,4%,1%,5%
Fitmefor20,4.0,4,Clothing Store,http://fitmefor20.com/,,Oui,0%,0%,0%,0%,0%
NORM-CORE,4.3,"1,605",Clothing Store,http://norm-core.com/,,Oui,72%,12%,4%,4%,8%
Theblackluxe,3.4,2,Clothing Store,https://theblackluxe.com/,,Oui,0%,0%,0%,0%,0%
Vestiaire Collective,4.1,"72,807",Clothing Store,http://vestiairecollective.com/?utm_medium=partnership&utm_source=trustpilot.com,"53 Rue de Châteaudun, 75009, Paris, France",Oui,59%,9%,4%,3%,25%
Mephistoshop Parisversailles,4.6,34,Shoe Store,http://mephistoshop-parisversailles.fr/,,Oui,97%,0%,0%,0%,3%
FROM FUTURE,4.5,"1,848",Clothing Store,http://www.fromfuture.com/,"150 rue Gallieni, 92100, Boulogne-Billancourt, France",Oui,71%,7%,3%,5%,14%
MCB PARIS,4.5,"1,153",Clothing Store,http://mcb-paris.fr/,,Oui,81%,8%,5%,3%,3%
Boothbee,4.2,6,Clothing Store,http://boothbee.com/,,Oui,0%,0%,0%,0%,0%
Warm People,3.8,2,Clothing Store,http://warmpeople.co/,,Oui,0%,0%,0%,0%,0%
Smoon lingerie,4.5,"2,920",Clothing Store,http://smoon-lingerie.com/,"96 avenue de la République , 75011, Paris, France",Oui,75%,12%,5%,3%,5%
Loalilabel,4.5,63,Clothing Store,http://loalilabel.com/,,Oui,81%,11%,0%,0%,8%
GDC - Galerie Dressing Chaussures,4.4,820,Shoe Store,https://gdcboutique.com/,"230 avenue Robert Schuman, 34500, Béziers, France",Oui,75%,0%,5%,2%,8%
Schmiede Mode,4.3,7,Clothing Store,http://schmiedemode.de/,,Oui,0%,0%,0%,0%,0%
Kalos France,4.8,"1,457",Jewelry Store,http://kalos-france.com/,,Oui,88%,7%,2%,1%,2%
Côtelé Paris,4.6,290,Clothing Store,http://coteleparis.com/,"22 passage du Ponceau, 75002, Paris, France",Oui,0%,11%,3%,3%,3%
Bonobo Jeans,3.9,201,Clothing Store,http://bonoboplanet.com/,,Oui,46%,5%,1%,7%,41%
Vinted FR,3.4,"40,485",Clothing Store,https://vinted.fr/,,Oui,43%,7%,4%,4%,42%
Cocorico,4.5,"15,123",Clothing Store,http://www.cocorico.store/,,Oui,77%,11%,5%,3%,4%
Madeinparadis,4.4,237,Shoe Store,http://madeinparadis.com/,"36 rue Raspail, 92300, Levallois-Perret, France",Oui,0%,7%,3%,2%,8%
Morgan,3.8,518,Clothing Store,http://morgandetoi.fr/,,Oui,46%,6%,5%,4%,39%
Footkorner,3.4,"1,960",Clothing Store,http://footkorner.com/,,Oui,0%,0%,3%,2%,35%
Limited Resell,4.2,989,Shoe Store,https://limitedresell.com/,,Oui,66%,11%,5%,4%,14%
OMAJ,4.3,"1,927",Clothing Store,http://omaj.fr/,"24 rue soubise, 93400, Saint Ouen, France",Oui,73%,13%,5%,3%,6%
BAISI Hair FR,4.4,"1,218",Hair & Beauty,http://baisihair.fr/,"44300, France",Oui,76%,6%,2%,2%,14%
monsieurtshirt.com,4.3,831,Shoe Store,http://www.monsieurtshirt.com/,"8-10 rue Cantelaudette, 33110, LORMONT, France",Oui,78%,3%,2%,3%,14%
Holekings,4.0,3,Clothing Store,http://www.holekings.com/,,Oui,0%,0%,0%,0%,0%
Le Petit Cordon,4.2,642,Clothing Store,https://lepetitcordon.com/,,Oui,0%,8%,2%,3%,7%
Sarenza,4.1,"3,777",Clothing Store,http://www.sarenza.com/,,Oui,53%,5%,2%,3%,37%
Maison Stella & Suzie,4.4,415,Clothing Store,http://stellaetsuzie.com/,"114 Avenue Paul Crampel, 31400, TOULOUSE, France",Oui,72%,8%,5%,4%,11%
24S,4.2,"9,643",Clothing Store,http://24s.com/,,Oui,77%,4%,2%,2%,15%
Lookiero France,4.3,"6,565",Clothing Store,http://lookiero.fr/,,Oui,79%,11%,3%,2%,5%
Hello Moon Shop,4.2,691,Clothing Store,http://hellomoon-shop.com/,,Oui,68%,6%,3%,5%,18%
Jacobs & Jacobs Originals,4.3,393,Clothing Store,http://jacobs-jacobs-originals.fr/,,Oui,69%,13%,9%,3%,6%
FRNCH,4.3,226,Clothing Store,https://www.frnch.fr/,,Oui,66%,8%,6%,3%,17%
Fitmefor20,4.0,4,Clothing Store,http://fitmefor20.com/,,Oui,0%,0%,0%,0%,0%
NORM-CORE,4.3,"1,605",Clothing Store,http://norm-core.com/,,Oui,72%,12%,4%,4%,8%
Freeman T. Porter,4.3,"6,036",Clothing Store,https://www.freemantporter.com/fr/,,Oui,73%,0%,6%,4%,7%
Sneakin,4.3,"1,265",Shoe Store,http://sneakin.fr/,"2 rue Lavoisier , 37270, Montlouis-sur-Loire , France",Oui,73%,6%,3%,2%,16%
Theblackluxe,3.4,2,Clothing Store,https://theblackluxe.com/,,Oui,0%,0%,0%,0%,0%
Wethenew,4.2,"28,055",Shoe Store,https://wethenew.com/,,Oui,77%,0%,4%,2%,7%
Vestiaire Collective,4.1,"72,807",Clothing Store,http://vestiairecollective.com/?utm_medium=partnership&utm_source=trustpilot.com,"53 Rue de Châteaudun, 75009, Paris, France",Oui,59%,9%,4%,3%,25%
Warm People,3.8,2,Clothing Store,http://warmpeople.co/,,Oui,0%,0%,0%,0%,0%
Boothbee,4.2,6,Clothing Store,http://boothbee.com/,,Oui,0%,0%,0%,0%,0%
Place du jour,4.4,356,Clothing Store,http://placedujour.fr/,"8 rue de la haie coq, 93300, Aubervilliers, France",Oui,77%,9%,5%,3%,6%
Dipty Store,4.4,57,Shoe Store,http://dipty-store.fr/,"55 rue d'esquermes, 59000, Lille, France",Oui,0%,9%,0%,2%,9%
FashionChaussures,4.4,459,Shoe Store,https://www.fashionchaussures.fr/,,Oui,77%,9%,3%,2%,9%
Schmiede Mode,4.3,7,Clothing Store,http://schmiedemode.de/,,Oui,0%,0%,0%,0%,0%
Kalos France,4.8,"1,457",Jewelry Store,http://kalos-france.com/,,Oui,88%,7%,2%,1%,2%
Slood - Slow for good,4.4,53,Clothing Store,https://www.slood.com/,"2 rue des érables, 69578, Limonest, France",Oui,81%,6%,6%,0%,7%
Mad Peonies,4.4,68,Clothing Store,http://madpeonies.com/,"221 c route du bouleau , 69126, BRINDAS, France",Oui,84%,4%,4%,2%,6%
Rossignol,3.9,599,Clothing Store,https://www.rossignol.com/,"Rue Louis Barran 98, 38430, Saint-Jean-de-Moirans, France",Oui,73%,6%,2%,2%,17%
Bonobo Jeans,3.9,201,Clothing Store,http://bonoboplanet.com/,,Oui,46%,5%,1%,7%,41%
Vinted FR,3.4,"40,485",Clothing Store,https://vinted.fr/,,Oui,43%,7%,4%,4%,42%
Cocorico,4.5,"15,123",Clothing Store,http://www.cocorico.store/,,Oui,77%,11%,5%,3%,4%
Sneakin Nl,3.9,168,Shoe Store,http://sneakin-nl.nl/,"2 rue Lavoisier, 37270 , Montlouis-sur-Loire France , France",Oui,0%,11%,6%,5%,18%
Morgan,3.8,518,Clothing Store,http://morgandetoi.fr/,,Oui,46%,6%,5%,4%,39%
Footkorner,3.4,"1,960",Clothing Store,http://footkorner.com/,,Oui,0%,0%,3%,2%,35%
OutfitBook,3.8,"2,072",Clothing Store,http://outfitbook.fr/,,Oui,0%,14%,7%,6%,13%
BAISI Hair FR,4.4,"1,218",Hair & Beauty,http://baisihair.fr/,"44300, France",Oui,76%,6%,2%,2%,14%
Just Cashmere,3.9,102,Clothing Store,http://justcashmere.fr/,,Oui,59%,15%,6%,2%,18%
Maison Cadolle,3.9,202,Clothing Store,http://www.cadolle.com/,"Rue Saint Honoré 255, 75001, Paris, France",Oui,77%,7%,4%,3%,9%
Authentic Cashmere,3.8,148,Clothing Store,http://authenticcashmere.com/,"29 Boulevard Gay Lussac, 13014, Marseille, France",Oui,55%,12%,5%,6%,22%
Hominusdenim,4.0,33,Clothing Store,http://hominusdenim.com/,,Oui,73%,3%,3%,3%,18%
Sneakin De,3.8,208,Shoe Store,http://sneakin-de.de/,"2 rue Lavoisier, 37270, Montlouis-sur-Loire, France",Oui,64%,5%,3%,5%,23%
Holekings,4.0,3,Clothing Store,http://www.holekings.com/,,Oui,0%,0%,0%,0%,0%
Sézane,3.9,"5,365",Clothing Store,http://www.sezane.com/,"115 rue du Bac, 75007, Paris, France",Oui,61%,6%,4%,6%,23%
Sneakin Es,4.0,78,Clothing Store,http://sneakin-es.es/,"2 rue Lavoisier , 37270 , Montlouis-sur-Loire France , France",Oui,62%,15%,1%,4%,18%
Ccvmode,3.7,"4,312",Shoe Store,http://ccvmode.com/,,Oui,66%,0%,5%,4%,15%
Essential Colors,4.1,140,Clothing Store,http://www.essentialcolors.fr/,"127 rue charles tillon, 93300, Aubervilliers, France",Oui,67%,0%,7%,4%,12%
Octobre Editions,3.5,193,Clothing Store,http://octobre-editions.com/,"12 rue d'Uzès, 75002, Paris, France",Oui,0%,4%,5%,9%,32%
Sarenza,4.1,"3,777",Clothing Store,http://www.sarenza.com/,,Oui,53%,5%,2%,3%,37%
Café Coton,3.8,"8,120",Clothing Store,http://www.cafecoton.com/fr,,Oui,49%,13%,11%,9%,18%
Fitmefor20,4.0,4,Clothing Store,http://fitmefor20.com/,,Oui,0%,0%,0%,0%,0%
NORM-CORE,4.3,"1,605",Clothing Store,http://norm-core.com/,,Oui,72%,12%,4%,4%,8%
Omerta Store,4.1,38,Clothing Store,http://omerta.fr/,,Oui,74%,5%,0%,5%,16%
Theblackluxe,3.4,2,Clothing Store,https://theblackluxe.com/,,Oui,0%,0%,0%,0%,0%
Vestiaire Collective,4.1,"72,807",Clothing Store,http://vestiairecollective.com/?utm_medium=partnership&utm_source=trustpilot.com,"53 Rue de Châteaudun, 75009, Paris, France",Oui,59%,9%,4%,3%,25%
Warm People,3.8,2,Clothing Store,http://warmpeople.co/,,Oui,0%,0%,0%,0%,0%
Boothbee,4.2,6,Clothing Store,http://boothbee.com/,,Oui,0%,0%,0%,0%,0%
Sahomashop,4.0,"1,981",Clothing Store,https://sahomashop.com/,,Oui,61%,9%,8%,8%,14%
Gifts-fr.com,3.9,191,Clothing Store,https://gifts-fr.com/,"6 Rue Léon Cogniet, 75017, Paris, France",Oui,62%,9%,4%,3%,22%
Grungemama,3.9,"1,724",Shoe Store,https://www.grungemama.com/fr/,"Rue d'Astorg 1, 31000, Toulouse, France",Oui,75%,0%,5%,3%,7%
Schmiede Mode,4.3,7,Clothing Store,http://schmiedemode.de/,,Oui,0%,0%,0%,0%,0%
Kalos France,4.8,"1,457",Jewelry Store,http://kalos-france.com/,,Oui,88%,7%,2%,1%,2%
geschenkewunderland.de,4.9,69,Clothing Store,http://www.geschenkewunderland.de/,,Oui,94%,6%,0%,0%,0%
émoi émoi,4.8,255,Clothing Store,http://emoi-emoi.com/,,Oui,91%,2%,1%,0%,6%
Bonobo Jeans,3.9,201,Clothing Store,http://bonoboplanet.com/,,Oui,46%,5%,1%,7%,41%
Vinted FR,3.4,"40,485",Clothing Store,https://vinted.fr/,,Oui,43%,7%,4%,4%,42%
Cocorico,4.5,"15,123",Clothing Store,http://www.cocorico.store/,,Oui,77%,11%,5%,3%,4%
La Modeuse.com,3.1,645,Shoe Store,http://lamodeuse.com/,"43 rue Blanche, 75009, PARIS, France",Oui,62%,7%,2%,5%,24%
Morgan,3.8,518,Clothing Store,http://morgandetoi.fr/,,Oui,46%,6%,5%,4%,39%
Footkorner,3.4,"1,960",Clothing Store,http://footkorner.com/,,Oui,0%,0%,3%,2%,35%
Don't Call Me Jennyfer,3.3,"4,287",Clothing Store,http://www.jennyfer.com/,,Oui,0%,0%,6%,6%,28%
BAISI Hair FR,4.4,"1,218",Hair & Beauty,http://baisihair.fr/,"44300, France",Oui,76%,6%,2%,2%,14%
Super Basketball,0,286,Shoe Store,http://super-basketball.shop/,,Oui,16%,4%,5%,2%,73%
Impriwear,3.0,51,Clothing Store,http://impriwear.com/,,Oui,39%,16%,0%,0%,45%
Boutiques 1083,3.2,172,Clothing Store,http://www.1083.fr/,,Oui,45%,5%,3%,0%,37%
BestKpopShop,2.2,258,Clothing Store,https://bestkpopshop.fr/,,Oui,26%,9%,5%,5%,55%
Holekings,4.0,3,Clothing Store,http://www.holekings.com/,,Oui,0%,0%,0%,0%,0%
Sarenza,4.1,"3,777",Clothing Store,http://www.sarenza.com/,,Oui,53%,5%,2%,3%,37%
WECYRCLED,4.9,184,Clothing Store,http://wecyrcled.com/,"12 rue Amiral de Grasse, 06000, Nice, France",Oui,93%,5%,0%,1%,2%
Etienneparisboutique,2.2,637,Clothing Store,http://etienneparisboutique.com/,,Oui,24%,1%,1%,1%,75%
LNLM,4.9,424,Shoe Store,https://lnlm.fr/,"245 rue Lecourbe, 75015, PARIS, France",Oui,93%,6%,0%,1%,1%
Fitmefor20,4.0,4,Clothing Store,http://fitmefor20.com/,,Oui,0%,0%,0%,0%,0%
FAGUO,3.0,180,Shoe Store,https://www.faguo-store.com/fr/,"8 rue du président Edouard Herriot, 44000, Nantes, France",Oui,44%,7%,6%,14%,29%
NORM-CORE,4.3,"1,605",Clothing Store,http://norm-core.com/,,Oui,72%,12%,4%,4%,8%
Theblackluxe,3.4,2,Clothing Store,https://theblackluxe.com/,,Oui,0%,0%,0%,0%,0%
Kaporal 5,4.8,792,Clothing Store,http://www.kaporal-jeans.com/,,Oui,0%,11%,1%,1%,8%
MY1996,4.8,459,Clothing Store,http://my1996.fr/,,Oui,89%,4%,3%,2%,2%
berthie.fr,2.1,656,Clothing Store,http://berthie.fr/,,Oui,39%,8%,6%,9%,38%
Vestiaire Collective,4.1,"72,807",Clothing Store,http://vestiairecollective.com/?utm_medium=partnership&utm_source=trustpilot.com,"53 Rue de Châteaudun, 75009, Paris, France",Oui,59%,9%,4%,3%,25%
monhijabpascher.com,4.9,457,Clothing Store,http://monhijabpascher.com/,,Oui,98%,1%,1%,1%,1%
Warm People,3.8,2,Clothing Store,http://warmpeople.co/,,Oui,0%,0%,0%,0%,0%
Thedrose,3.2,36,Clothing Store,http://thedrose.com/,,Oui,36%,11%,14%,3%,36%
Kamshoes,4.9,206,Clothing Store,http://kamshoes.fr/,"96 boulevard Maurice Barres , 92200, Neuilly-sur-Seine , France",Oui,98%,2%,1%,0%,0%
Boothbee,4.2,6,Clothing Store,http://boothbee.com/,,Oui,0%,0%,0%,0%,0%
Schmiede Mode,4.3,7,Clothing Store,http://schmiedemode.de/,,Oui,0%,0%,0%,0%,0%
Kalos France,4.8,"1,457",Jewelry Store,http://kalos-france.com/,,Oui,88%,7%,2%,1%,2%
Anime Figures Shop,3.4,32,Clothing Store,http://anime-figures-shop.co.uk/,,Oui,53%,0%,0%,0%,47%
Bonobo Jeans,3.9,201,Clothing Store,http://bonoboplanet.com/,,Oui,46%,5%,1%,7%,41%
Monaloa,4.8,65,Clothing Store,http://monaloa.fr/,"109B rue Laroche, 33000, BORDEAUX, France",Oui,0%,0%,0%,0%,0%
Vinted FR,3.4,"40,485",Clothing Store,https://vinted.fr/,,Oui,43%,7%,4%,4%,42%
Cocorico,4.5,"15,125",Clothing Store,http://www.cocorico.store/,,Oui,77%,11%,5%,3%,4%
Imranswimwear,4.7,55,Clothing Store,http://imranswimwear.com/,,Oui,89%,5%,2%,2%,2%
Morgan,3.8,518,Clothing Store,http://morgandetoi.fr/,,Oui,46%,6%,5%,4%,39%
Footkorner,3.4,"1,960",Clothing Store,http://footkorner.com/,,Oui,0%,0%,3%,2%,35%
WEYZ,4.7,430,Clothing Store,http://weyzclothing.fr/,,Oui,0%,6%,1%,0%,3%
BAISI Hair FR,4.4,"1,218",Hair & Beauty,http://baisihair.fr/,"44300, France",Oui,76%,6%,2%,2%,14%
Clickandrock,4.7,247,Shoe Store,http://clickandrock.fr/,"75011, Paris, France",Oui,97%,2%,1%,0%,1%
Polar Star,4.7,146,Clothing Store,http://getpolarstar.com/,"10 rue greneta, 75003, Paris, France",Oui,81%,5%,1%,1%,12%
Holekings,4.0,3,Clothing Store,http://www.holekings.com/,,Oui,0%,0%,0%,0%,0%
Sarenza,4.1,"3,777",Clothing Store,http://www.sarenza.com/,,Oui,53%,5%,2%,3%,37%
Monpremierhijab,4.7,122,Clothing Store,http://monpremierhijab.fr/,"Paris, 75000, ., France",Oui,91%,3%,2%,2%,2%
Marietteetpaulette,4.7,55,Clothing Store,http://marietteetpaulette.com/,,Oui,94%,4%,0%,2%,0%
Headband Planet,4.8,143,Clothing Store,http://www.headbandplanet.com/,,Oui,91%,7%,2%,0%,0%
Jacker,4.8,58,Clothing Store,http://jacker.fr/,,Oui,93%,5%,0%,0%,2%
Fitmefor20,4.0,4,Clothing Store,http://fitmefor20.com/,,Oui,0%,0%,0%,0%,0%
PXP™,4.7,708,Clothing Store,http://pxp.fr/,,Oui,84%,9%,2%,1%,4%
NORM-CORE,4.3,"1,605",Clothing Store,http://norm-core.com/,,Oui,72%,12%,4%,4%,8%
DRIPSLUM,4.7,197,Shoe Store,http://dripslum.com/,,Oui,88%,6%,1%,1%,5%
Theblackluxe,3.4,2,Clothing Store,https://theblackluxe.com/,,Oui,0%,0%,0%,0%,0%
Bikly,4.8,77,Clothing Store,http://bikly.fr/,,Oui,96%,4%,0%,0%,0%
Sapar,4.7,75,Clothing Store,http://sapar.eco/,"139 Rue Georges Mandel, 33000, Bordeaux, France",Oui,93%,5%,1%,0%,1%
LESPALMIERS,4.8,35,Clothing Store,http://lespalmierstore.com/,,Oui,0%,0%,0%,0%,0%
Vestiaire Collective,4.1,"72,807",Clothing Store,http://vestiairecollective.com/?utm_medium=partnership&utm_source=trustpilot.com,"53 Rue de Châteaudun, 75009, Paris, France",Oui,59%,9%,4%,3%,25%
Daronnes,4.8,43,Clothing Store,http://daronnes.co/,"8, place Louis Chazette, 69001, Lyon, France",Oui,0%,0%,0%,0%,0%
Boothbee,4.2,6,Clothing Store,http://boothbee.com/,,Oui,0%,0%,0%,0%,0%
Asphalte,4.7,"3,266",Clothing Store,http://asphalte.com/,,Oui,84%,5%,3%,3%,5%
Warm People,3.8,2,Clothing Store,http://warmpeople.co/,,Oui,0%,0%,0%,0%,0%
FLIP KLUB,4.8,39,Clothing Store,https://flipklub.com/,,Oui,97%,3%,0%,0%,0%
Schmiede Mode,4.3,7,Clothing Store,http://schmiedemode.de/,,Oui,0%,0%,0%,0%,0%
Rockandchill,4.7,297,Clothing Store,http://www.rockandchill.fr/,,Oui,86%,7%,2%,1%,4%
Eb Luxury,4.7,58,Clothing Store,http://eb-luxury.fr/,,Oui,91%,5%,2%,0%,2%
Kalos France,4.8,"1,457",Jewelry Store,http://kalos-france.com/,,Oui,88%,7%,2%,1%,2%
Maison Vittore Paris,4.7,25,Clothing Store,http://maisonvittoreparis.com/,,Oui,0%,0%,0%,0%,0%
Bonobo Jeans,3.9,201,Clothing Store,http://bonoboplanet.com/,,Oui,46%,5%,1%,7%,41%
Cocorico,4.5,"15,125",Clothing Store,http://www.cocorico.store/,,Oui,77%,11%,5%,3%,4%
Vinted FR,3.4,"40,485",Clothing Store,https://vinted.fr/,,Oui,43%,7%,4%,4%,42%
BoutiquePilou.com,4.7,50,Clothing Store,http://boutiquepilou.com/,,Oui,98%,0%,2%,0%,0%
Morgan,3.8,518,Clothing Store,http://morgandetoi.fr/,,Oui,46%,6%,5%,4%,39%
HABILE.,4.6,49,Clothing Store,https://habile.com/,,Oui,96%,4%,0%,0%,0%
Footkorner,3.4,"1,960",Clothing Store,http://footkorner.com/,,Oui,0%,0%,3%,2%,35%
BAISI Hair FR,4.4,"1,218",Hair & Beauty,http://baisihair.fr/,"44300, France",Oui,76%,6%,2%,2%,14%
LE-1.STORE,4.7,31,Clothing Store,https://www.le-1.store/,,Oui,0%,0%,0%,0%,0%
Mamie Bourgeoise,4.6,"1,003",Clothing Store,http://mamiebourgeoise.com/,"8 rue des blés, 93200, Saint Denis, France",Oui,79%,6%,4%,4%,7%
Les Pièces Concept Store,4.7,53,Shoe Store,http://lespiecesconcept.com/,"28 Rue Lanterne, 69001, Lyon, France",Oui,86%,6%,2%,0%,6%
SCAMBIÀ,4.6,33,Clothing Store,http://scambiastore.com/,,Oui,91%,6%,3%,0%,0%
elleme.com,4.6,77,Clothing Store,http://elleme.com/,,Oui,85%,0%,0%,1%,14%
Holekings,4.0,3,Clothing Store,http://www.holekings.com/,,Oui,0%,0%,0%,0%,0%
CITE MOI,4.7,33,Clothing Store,https://www.citemoi.com/,,Oui,97%,3%,0%,0%,0%
Sarenza,4.1,"3,777",Clothing Store,http://www.sarenza.com/,,Oui,53%,5%,2%,3%,37%
Fitmefor20,4.0,4,Clothing Store,http://fitmefor20.com/,,Oui,0%,0%,0%,0%,0%
Kapitales,4.6,212,Clothing Store,http://kapitales.fr/,,Oui,93%,3%,2%,1%,1%
NORM-CORE,4.3,"1,605",Clothing Store,http://norm-core.com/,,Oui,72%,12%,4%,4%,8%
Theblackluxe,3.4,2,Clothing Store,https://theblackluxe.com/,,Oui,0%,0%,0%,0%,0%
Vestiaire Collective,4.1,"72,807",Clothing Store,http://vestiairecollective.com/?utm_medium=partnership&utm_source=trustpilot.com,"53 Rue de Châteaudun, 75009, Paris, France",Oui,59%,9%,4%,3%,25%
Mjbcouture,4.6,30,Clothing Store,http://mjbcouture.com/,"55 rue de la chapelle , 37100, Tours, France",Oui,83%,0%,0%,0%,7%
Warm People,3.8,2,Clothing Store,http://warmpeople.co/,,Oui,0%,0%,0%,0%,0%
JUNTOS,4.7,32,Shoe Store,http://juntos-shop.com/,"68 rue jean jacques rousseau, 92500, RUEIL MALMAISON, France",Oui,0%,0%,0%,0%,0%
The Drag Queen Closet FR,4.7,43,Hair & Beauty,http://thedragqueencloset.fr/,,Oui,79%,19%,2%,0%,0%
Boothbee,4.2,6,Clothing Store,http://boothbee.com/,,Oui,0%,0%,0%,0%,0%
Krysakids,4.7,25,Clothing Store,http://krysakids.fr/,"620 av. de Craponne, 13370, Mallemort, France",Oui,0%,0%,0%,0%,0%
CrushON,4.7,51,Clothing Store,http://crushonapp.com/,"1 rue de l'encheval, 75019, Paris, France",Oui,0%,8%,2%,0%,0%
KOZZE,4.6,34,Clothing Store,http://kozze.fr/,"32 rue Louis Roguet, 45000, ORLEANS, France",Oui,76%,18%,6%,0%,0%
Schmiede Mode,4.3,7,Clothing Store,http://schmiedemode.de/,,Oui,0%,0%,0%,0%,0%
Kalos France,4.8,"1,457",Jewelry Store,http://kalos-france.com/,,Oui,88%,7%,2%,1%,2%
Infirmiere Shop,4.7,50,Clothing Store,http://infirmiere-shop.fr/,,Oui,94%,2%,2%,0%,2%
Bielle Française,4.7,45,Clothing Store,http://biellefrancaise.com/,,Oui,87%,7%,4%,2%,0%
Département Féminin,4.6,44,Clothing Store,http://departementfeminin.com/,"1 Rue Maurice Fonvieille, 31000, Toulouse, France",Oui,86%,7%,2%,0%,5%
Voriagh,4.7,35,Clothing Store,http://www.voriagh.com/,,Oui,0%,0%,0%,0%,0%
Bonobo Jeans,3.9,201,Clothing Store,http://bonoboplanet.com/,,Oui,46%,5%,1%,7%,41%
Cocorico,4.5,"15,125",Clothing Store,http://www.cocorico.store/,,Oui,77%,11%,5%,3%,4%
Vinted FR,3.4,"40,485",Clothing Store,https://vinted.fr/,,Oui,43%,7%,4%,4%,42%
Mosean by Paris,4.6,21,Clothing Store,http://mosean-paris.fr/,,Oui,95%,5%,0%,0%,0%
Morgan,3.8,518,Clothing Store,http://morgandetoi.fr/,,Oui,46%,6%,5%,4%,39%
Takumiya,4.5,247,Clothing Store,http://takumiya.fr/,"58 rue Jean Duvert - Immeuble Le Fiducia, 33290, Blanquefort, France",Oui,73%,21%,2%,1%,3%
Footkorner,3.4,"1,960",Clothing Store,http://footkorner.com/,,Oui,0%,0%,3%,2%,35%
La Chimère,4.6,26,Clothing Store,http://www.lachimere.fr/,,Oui,96%,4%,0%,0%,0%
Blue Cult,4.6,17,Clothing Store,http://blue-cult.com/,,Oui,0%,0%,0%,0%,0%
BAISI Hair FR,4.4,"1,218",Hair & Beauty,http://baisihair.fr/,"44300, France",Oui,76%,6%,2%,2%,14%
Barje Paris,4.6,20,Clothing Store,http://barje-paris.fr/,,Oui,95%,5%,0%,0%,0%
Ines Elah,4.5,726,Shoe Store,http://ineselah.com/,,Oui,83%,2%,1%,1%,14%
Holekings,4.0,3,Clothing Store,http://www.holekings.com/,,Oui,0%,0%,0%,0%,0%
Petit Béguin,4.5,355,Clothing Store,http://www.petit-beguin.fr/,,Oui,82%,6%,2%,2%,8%
Ryses,4.5,301,Shoe Store,https://www.ryses.it/,,Oui,78%,12%,2%,1%,7%
Sarenza,4.1,"3,777",Clothing Store,http://www.sarenza.com/,,Oui,53%,5%,2%,3%,37%
Prune,4.6,17,Clothing Store,http://prune-shop.fr/,,Oui,0%,0%,0%,0%,0%
Fitmefor20,4.0,4,Clothing Store,http://fitmefor20.com/,,Oui,0%,0%,0%,0%,0%
Teachies,4.6,24,Clothing Store,http://teachies.fr/,"-, 59190, Pradelles, France",Oui,96%,4%,0%,0%,0%
NORM-CORE,4.3,"1,605",Clothing Store,http://norm-core.com/,,Oui,72%,12%,4%,4%,8%
Atelier de la Fratrie,4.6,19,Clothing Store,https://atelierdelafratrie.fr/,"29 rue armand charbonnier , 72370, le breil sur merize, France",Oui,95%,5%,0%,0%,0%
Chaloope,4.6,28,Clothing Store,http://chaloope.fr/,"3 rue Joliot Curie, 91190, Gif-sur-Yvette, France",Oui,93%,7%,0%,0%,0%
Theblackluxe,3.4,2,Clothing Store,https://theblackluxe.com/,,Oui,0%,0%,0%,0%,0%
Sigrid Latex,4.6,22,Clothing Store,http://sigridlatex.com/,,Oui,0%,0%,0%,0%,0%
Motus Boutique,4.5,"1,079",Clothing Store,http://www.motusboutique.fr/,,Oui,78%,0%,4%,3%,5%
LE TEMPS DES CERISES,4.5,650,Clothing Store,http://www.letempsdescerises.com/,"Rue Gustave Eiffel 13, 13010, Marseille, France",Oui,81%,8%,1%,3%,7%
Vestiaire Collective,4.1,"72,807",Clothing Store,http://vestiairecollective.com/?utm_medium=partnership&utm_source=trustpilot.com,"53 Rue de Châteaudun, 75009, Paris, France",Oui,59%,9%,4%,3%,25%
Warm People,3.8,2,Clothing Store,http://warmpeople.co/,,Oui,0%,0%,0%,0%,0%
Boothbee,4.2,6,Clothing Store,http://boothbee.com/,,Oui,0%,0%,0%,0%,0%
Exotea,4.6,17,Clothing Store,http://exotea.fr/,"6 avenue Paul Séjourné, 31000, Toulouse, France",Oui,0%,0%,0%,0%,0%
Revers Boisé,4.6,21,Clothing Store,http://reversboise.fr/,"Rue du béal, 09500, Mirepoix, France",Oui,95%,5%,0%,0%,0%
DYYLL,4.6,18,Clothing Store,http://dyyll.com/,,Oui,0%,0%,0%,0%,0%
L'indecise,4.6,22,Clothing Store,http://lindecise.fr/,,Oui,95%,5%,0%,0%,0%
Schmiede Mode,4.3,7,Clothing Store,http://schmiedemode.de/,,Oui,0%,0%,0%,0%,0%
Kalos France,4.8,"1,457",Jewelry Store,http://kalos-france.com/,,Oui,88%,7%,2%,1%,2%
Closak,4.6,22,Clothing Store,http://closak.fr/,,Oui,0%,0%,0%,0%,0%
Moguo Paris,4.5,30,Clothing Store,http://moguoparis.fr/,,Oui,0%,7%,0%,0%,3%
"LeGarage (Fassi De Souza, tricoteuse)",4.5,15,Clothing Store,http://legaragedknitwear.com/,"42 B avenue Georges Clemenceau, 93360, NEUILLY-PLAISANCE, France",Oui,0%,0%,0%,0%,0%
Bonobo Jeans,3.9,201,Clothing Store,http://bonoboplanet.com/,,Oui,46%,5%,1%,7%,41%
Cocorico,4.5,"15,125",Clothing Store,http://www.cocorico.store/,,Oui,77%,11%,5%,3%,4%
Vinted FR,3.4,"40,485",Clothing Store,https://vinted.fr/,,Oui,43%,7%,4%,4%,42%
Morgan,3.8,518,Clothing Store,http://morgandetoi.fr/,,Oui,46%,6%,5%,4%,39%
Footkorner,3.4,"1,960",Clothing Store,http://footkorner.com/,,Oui,0%,0%,3%,2%,35%
By Mea,4.5,16,Clothing Store,http://bymea-shop.com/,"Rue alexandre Dumas, 07500, Guilherand-Granges, France",Oui,94%,0%,0%,6%,0%
Azala,4.5,17,Clothing Store,http://azala.fr/,"7 rue du faubourg montmartre, 75009, Paris, France",Oui,0%,0%,0%,0%,0%
RAVEONS.FR,4.5,22,Clothing Store,http://raveons.fr/,,Oui,95%,0%,0%,0%,5%
BAISI Hair FR,4.4,"1,218",Hair & Beauty,http://baisihair.fr/,"44300, France",Oui,76%,6%,2%,2%,14%
Passion Buvette,4.5,27,Clothing Store,http://passionbuvette.fr/,,Oui,96%,0%,4%,0%,0%
Sneakerdistrict,4.5,122,Shoe Store,http://www.sneakerdistrict.fr/,,Oui,83%,8%,1%,1%,7%
Wallstreetskateshop,4.5,108,Shoe Store,http://wallstreetskateshop.fr/,"7 Rue de la Platière, 69001, Lyon, France",Oui,91%,3%,2%,1%,3%
Holekings,4.0,3,Clothing Store,http://www.holekings.com/,,Oui,0%,0%,0%,0%,0%
L'Atelier de Clémence,4.5,32,Clothing Store,http://latelierdeclemence.com/,"8 rue de la paroisse, 62140, HESDEIN, France",Oui,94%,3%,0%,3%,0%
Sarenza,4.1,"3,777",Clothing Store,http://www.sarenza.com/,,Oui,53%,5%,2%,3%,37%
Manos Del Peru,4.5,80,Clothing Store,http://manos-del-peru.com/,"102 Avenue de la Baraudière, 44800, ST HERBLAIN, France",Oui,84%,9%,2%,1%,4%
Fitmefor20,4.0,4,Clothing Store,http://fitmefor20.com/,,Oui,0%,0%,0%,0%,0%
L'indisciplinée,4.5,67,Clothing Store,http://lindisciplinee.fr/,,Oui,91%,1%,0%,2%,6%
NORM-CORE,4.3,"1,605",Clothing Store,http://norm-core.com/,,Oui,72%,12%,4%,4%,8%
FLORENZ,4.5,14,Clothing Store,http://florenz-cashmere.com/,,Oui,0%,0%,0%,0%,0%
Theblackluxe,3.4,2,Clothing Store,https://theblackluxe.com/,,Oui,0%,0%,0%,0%,0%
Persun,4.5,38,Clothing Store,http://www.persun.fr/,,Oui,55%,0%,0%,3%,32%
1Peu2Moi,4.5,18,Clothing Store,http://1peu2moi.com/,,Oui,94%,6%,0%,0%,0%
Vestiaire Collective,4.1,"72,807",Clothing Store,http://vestiairecollective.com/?utm_medium=partnership&utm_source=trustpilot.com,"53 Rue de Châteaudun, 75009, Paris, France",Oui,59%,9%,4%,3%,25%
Warm People,3.8,2,Clothing Store,http://warmpeople.co/,,Oui,0%,0%,0%,0%,0%
Boothbee,4.2,6,Clothing Store,http://boothbee.com/,,Oui,0%,0%,0%,0%,0%
Le Bar à Chaussettes,4.5,35,Clothing Store,https://lebarachaussettes.com/,"3 rue Nationale, 59800, Lille, France",Oui,82%,6%,6%,0%,6%
Peashup,4.5,16,Clothing Store,http://peashup.com/,,Oui,0%,0%,0%,0%,0%
Carlis,4.5,15,Clothing Store,http://carlisfrance.fr/,,Oui,0%,0%,0%,0%,0%
Schmiede Mode,4.3,7,Clothing Store,http://schmiedemode.de/,,Oui,0%,0%,0%,0%,0%
Kalos France,4.8,"1,457",Jewelry Store,http://kalos-france.com/,,Oui,88%,7%,2%,1%,2%
Picole Nationale,4.5,27,Clothing Store,http://picole-nationale.fr/,"128 rue de la Boétie, 75008, Paris, France",Oui,88%,4%,4%,0%,4%
Notre Armoire,4.5,45,Clothing Store,http://notrearmoire.com/,,Oui,93%,0%,0%,0%,7%
RON DORFF,4.5,188,Clothing Store,http://rondorff.com/,,Oui,75%,5%,2%,2%,16%
Bonobo Jeans,3.9,201,Clothing Store,http://bonoboplanet.com/,,Oui,46%,5%,1%,7%,41%
Occasneaks,4.4,93,Shoe Store,http://www.occasneaks.fr/,,Oui,85%,3%,1%,0%,11%
Cocorico,4.5,"15,125",Clothing Store,http://www.cocorico.store/,,Oui,77%,11%,5%,3%,4%
Vinted FR,3.4,"40,485",Clothing Store,https://vinted.fr/,,Oui,43%,7%,4%,4%,42%
Merci Madame Monsieur,4.5,13,Clothing Store,http://mercimadamemonsieur.fr/,,Oui,0%,0%,0%,0%,0%
Morgan,3.8,518,Clothing Store,http://morgandetoi.fr/,,Oui,46%,6%,5%,4%,39%
aniiqa.com,4.4,186,Shoe Store,http://aniiqa.com/,,Oui,87%,1%,1%,0%,11%
Footkorner,3.4,"1,960",Clothing Store,http://footkorner.com/,,Oui,0%,0%,3%,2%,35%
Le Beau Gustave,4.5,14,Clothing Store,http://lebeaugustave.com/,"18 rue Duret, 75116, Paris, France",Oui,0%,0%,0%,0%,0%
Swivells,4.5,14,Clothing Store,http://swivells.com/,"75008, Paris, France",Oui,0%,0%,0%,0%,0%
BAISI Hair FR,4.4,"1,218",Hair & Beauty,http://baisihair.fr/,"44300, France",Oui,76%,6%,2%,2%,14%
Ambition Store | Streetwear,4.4,477,Clothing Store,http://ambition-store.fr/,"6 rue d'Armaillé, 75017, Paris, France",Oui,78%,16%,1%,0%,5%
AZRYA,4.5,14,Clothing Store,http://azrya.fr/,,Oui,0%,0%,0%,0%,0%
Holekings,4.0,3,Clothing Store,http://www.holekings.com/,,Oui,0%,0%,0%,0%,0%
Mazamarte,4.5,14,Clothing Store,http://mazamarte.com/,"231 rue Saint-Honoré, 75001, PARIS, France",Oui,0%,0%,0%,0%,0%
Sarenza,4.1,"3,777",Clothing Store,http://www.sarenza.com/,,Oui,53%,5%,2%,3%,37%
Troicet,4.4,59,Shoe Store,https://troicet.com/,,Oui,0%,3%,0%,0%,7%
La Boutique Officielle,4.4,"13,293",Shoe Store,https://www.laboutiqueofficielle.com/,,Oui,77%,14%,2%,1%,6%
Justtrash,4.5,13,Clothing Store,http://justtrash.fr/,,Oui,0%,0%,0%,0%,0%
Emiliano Dolly,4.4,25,Clothing Store,http://emilianodolly.com/,,Oui,96%,0%,0%,0%,4%
WAAS,4.5,13,Clothing Store,http://waasclothing.com/,,Oui,0%,0%,0%,0%,0%
Fitmefor20,4.0,4,Clothing Store,http://fitmefor20.com/,,Oui,0%,0%,0%,0%,0%
NORM-CORE,4.3,"1,605",Clothing Store,http://norm-core.com/,,Oui,72%,12%,4%,4%,8%
DEVRED 1902,4.4,433,Clothing Store,http://devred.com/,,Oui,66%,5%,3%,3%,23%
Theblackluxe,3.4,2,Clothing Store,https://theblackluxe.com/,,Oui,0%,0%,0%,0%,0%
Vestiaire Collective,4.1,"72,807",Clothing Store,http://vestiairecollective.com/?utm_medium=partnership&utm_source=trustpilot.com,"53 Rue de Châteaudun, 75009, Paris, France",Oui,59%,9%,4%,3%,25%
Guerrisol,4.4,21,Clothing Store,http://guerrisol.fr/,"19 rue de l'escouvrier , 95200 , sarcelles, France",Oui,81%,0%,5%,5%,9%
Warm People,3.8,2,Clothing Store,http://warmpeople.co/,,Oui,0%,0%,0%,0%,0%
Boothbee,4.2,6,Clothing Store,http://boothbee.com/,,Oui,0%,0%,0%,0%,0%
Andasparis,4.4,23,Beauty Store,http://andasparis.fr/,,Oui,78%,4%,0%,0%,18%
Incorio,4.4,44,Clothing Store,http://incorio.com/,,Oui,85%,2%,2%,2%,9%
SalsaNueva Shop,4.4,15,Shoe Store,http://shop.salsanueva.fr/,,Oui,87%,0%,0%,0%,13%
Team Cardinalis,4.4,19,Clothing Store,http://teamcardinalis.com/,"_, 69007, Lyon, France",Oui,79%,21%,0%,0%,0%
Schmiede Mode,4.3,7,Clothing Store,http://schmiedemode.de/,,Oui,0%,0%,0%,0%,0%
Numeroo10,4.4,40,Clothing Store,http://numeroo10.com/,,Oui,82%,2%,3%,3%,0%
Kalos France,4.8,"1,457",Jewelry Store,http://kalos-france.com/,,Oui,88%,7%,2%,1%,2%
Baalr,4.4,14,Clothing Store,http://baalr.com/,,Oui,93%,7%,0%,0%,0%
Poussine S'habille,4.4,11,Clothing Store,http://poussineshabille.com/,,Oui,0%,0%,0%,0%,0%
Cocorico,4.5,"15,125",Clothing Store,http://www.cocorico.store/,,Oui,77%,11%,5%,3%,4%
Vinted FR,3.4,"40,485",Clothing Store,https://vinted.fr/,,Oui,43%,7%,4%,4%,42%
Bonobo Jeans,3.9,201,Clothing Store,http://bonoboplanet.com/,,Oui,46%,5%,1%,7%,41%
Les Tricots Marcel,4.4,11,Clothing Store,http://lestricotsmarcel.com/,,Oui,91%,9%,0%,0%,0%
Morgan,3.8,518,Clothing Store,http://morgandetoi.fr/,,Oui,46%,6%,5%,4%,39%
ÉclatSubtil.fr - Vêtements pour femme en ligne,4.4,12,Clothing Store,http://eclatsubtil.fr/,,Oui,0%,0%,0%,0%,0%
Footkorner,3.4,"1,960",Clothing Store,http://footkorner.com/,,Oui,0%,0%,3%,2%,35%
BAISI Hair FR,4.4,"1,218",Hair & Beauty,http://baisihair.fr/,"44300, France",Oui,76%,6%,2%,2%,14%
koistreetwear.fr,4.4,12,Clothing Store,http://koistreetwear.fr/,,Oui,0%,0%,0%,0%,0%
ViceMaillot,4.4,10,Clothing Store,http://vicemaillot.com/,,Oui,0%,0%,0%,0%,0%
Holekings,4.0,3,Clothing Store,http://www.holekings.com/,,Oui,0%,0%,0%,0%,0%
Sarenza,4.1,"3,777",Clothing Store,http://www.sarenza.com/,,Oui,53%,5%,2%,3%,37%
Boutiquefroufrou,4.4,14,Clothing Store,http://boutiquefroufrou.com/,,Oui,86%,14%,0%,0%,0%
Titema,4.4,12,Clothing Store,https://titema.com/,"10 Rue Gît-le-Cœur, 75006, Paris, France",Oui,92%,8%,0%,0%,0%
Kollectible,4.4,13,Shoe Store,http://www.kollectible.fr/,"110 Chemin Du Bois Comtal, 69390, Vernaison, France",Oui,92%,8%,0%,0%,0%
Myjoy Paris,4.4,10,Clothing Store,http://myjoy-paris.fr/,,Oui,0%,0%,0%,0%,0%
Fitmefor20,4.0,4,Clothing Store,http://fitmefor20.com/,,Oui,0%,0%,0%,0%,0%
Rouje,4.3,916,Clothing Store,http://www.rouje.com/,"11 bis rue Bachaumont, 75002, Paris, France",Oui,0%,8%,7%,7%,18%
LPN Nails,4.4,11,Clothing Store,http://www.lpnnails.fr/,"78, Avenue des Champs-Élysées, 75008, Paris, France",Oui,0%,0%,0%,0%,0%
Yoots,4.4,12,Clothing Store,http://yoots.fr/,"1 bis rue Victor Aubry, 93220, Gagny, France",Oui,0%,0%,0%,0%,0%
NORM-CORE,4.3,"1,605",Clothing Store,http://norm-core.com/,,Oui,72%,12%,4%,4%,8%
Theblackluxe,3.4,2,Clothing Store,https://theblackluxe.com/,,Oui,0%,0%,0%,0%,0%
jeanmarcphilippe.com,4.4,13,Clothing Store,https://jeanmarcphilippe.com/,"135 blvd Sébastopol, PARIS, 75002, France",Oui,92%,8%,0%,0%,0%
Vestiaire Collective,4.1,"72,807",Clothing Store,http://vestiairecollective.com/?utm_medium=partnership&utm_source=trustpilot.com,"53 Rue de Châteaudun, 75009, Paris, France",Oui,59%,9%,4%,3%,25%
Pickidz,4.4,11,Shoe Store,http://pickidz.fr/,,Oui,0%,0%,0%,0%,0%
Sisunki,4.4,13,Clothing Store,http://sisunki.com/,,Oui,0%,0%,0%,0%,0%
Warm People,3.8,2,Clothing Store,http://warmpeople.co/,,Oui,0%,0%,0%,0%,0%
Western Shop by 2B Western,4.4,11,Clothing Store,http://westernshop.fr/,"99 route du Patin, 69620, OINGT, France",Oui,0%,0%,0%,0%,0%
Boothbee,4.2,6,Clothing Store,http://boothbee.com/,,Oui,0%,0%,0%,0%,0%
Grand Central Store,4.4,14,Shoe Store,https://grandcentralstore.com/,,Oui,93%,0%,0%,0%,7%
Schmiede Mode,4.3,7,Clothing Store,http://schmiedemode.de/,,Oui,0%,0%,0%,0%,0%
OUZOSAN | ウーゾさん,4.4,13,Clothing Store,http://ouzosan.fr/,,Oui,69%,31%,0%,0%,0%
Kalos France,4.8,"1,457",Jewelry Store,http://kalos-france.com/,,Oui,88%,7%,2%,1%,2%
R-Style,4.4,12,Clothing Store,http://r-style.fr/,,Oui,92%,8%,0%,0%,0%
Luffy Shop,4.3,27,Clothing Store,http://luffy-shop.fr/,,Oui,67%,18%,11%,0%,4%
Bonobo Jeans,3.9,201,Clothing Store,http://bonoboplanet.com/,,Oui,46%,5%,1%,7%,41%
Cocorico,4.5,"15,125",Clothing Store,http://www.cocorico.store/,,Oui,77%,11%,5%,3%,4%
Vinted FR,3.4,"40,485",Clothing Store,https://vinted.fr/,,Oui,43%,7%,4%,4%,42%
Ryses,4.3,408,Clothing Store,https://www.ryses.es/,,Oui,67%,17%,1%,1%,14%
Morgan,3.8,518,Clothing Store,http://morgandetoi.fr/,,Oui,46%,6%,5%,4%,39%
Footkorner,3.4,"1,960",Clothing Store,http://footkorner.com/,,Oui,0%,0%,3%,2%,35%
BAISI Hair FR,4.4,"1,218",Hair & Beauty,http://baisihair.fr/,"44300, France",Oui,76%,6%,2%,2%,14%
Forest Natural Workwear,4.3,13,Clothing Store,https://forest-natural-workwear.com/,"1 rue de la Source, 59320, Hallennes-lez-Haubourdin, France",Oui,85%,15%,0%,0%,0%
Morphée,4.3,9,Clothing Store,http://morphee-paris.com/,"42 rue rottembourg, 75012, Paris, France",Oui,0%,0%,0%,0%,0%
Mountaingirl,4.3,50,Clothing Store,https://mountaingirl.fr/,,Oui,92%,0%,4%,0%,4%
Holekings,4.0,3,Clothing Store,http://www.holekings.com/,,Oui,0%,0%,0%,0%,0%
Lebonshop,4.3,19,Clothing Store,http://lebonshop.fr/,"12 Avenue des Abatilles, 33120, Arcachon, France",Oui,79%,16%,0%,0%,5%
NAHO STUDIO,4.3,10,Clothing Store,http://nahostudio.com/,"13 rue du mirail, 33000, Bordeaux, France",Oui,0%,0%,0%,0%,0%
Affane,4.3,10,Clothing Store,http://www.affane.com/,,Oui,0%,0%,0%,0%,0%
TheNewKickz,4.3,9,Shoe Store,https://www.thenewkickz.com/,"48 Rue Auguste Rodin, 06700, Saint-Laurent-du-Var, France",Oui,0%,0%,0%,0%,0%
Sarenza,4.1,"3,777",Clothing Store,http://www.sarenza.com/,,Oui,53%,5%,2%,3%,37%
Cocotte Firenze,4.3,14,Clothing Store,http://cocottefirenze.com/,"3, Rue Paul Bourget, 92700, Rueil-Malmaison, France",Oui,0%,0%,0%,0%,0%
Le Shop De Julia,4.3,22,Shoe Store,http://leshopdejulia.com/,,Oui,77%,14%,4%,0%,5%
Fitmefor20,4.0,4,Clothing Store,http://fitmefor20.com/,,Oui,0%,0%,0%,0%,0%
Nineties,4.3,10,Clothing Store,http://9ties.fr/,,Oui,0%,0%,0%,0%,0%
gaellehureau.com,4.3,84,Clothing Store,http://gaellehureau.com/,,Oui,88%,4%,0%,1%,7%
neyssa-shop,4.3,23,Clothing Store,http://neyssa-shop.com/,,Oui,79%,4%,4%,9%,4%
NORM-CORE,4.3,"1,605",Clothing Store,http://norm-core.com/,,Oui,72%,12%,4%,4%,8%
L'Exception,4.3,187,Clothing Store,http://www.lexception.com/,"12 rue Philippe de Girard, 75010, PARIS, France",Oui,85%,1%,2%,2%,11%
Theblackluxe,3.4,2,Clothing Store,https://theblackluxe.com/,,Oui,0%,0%,0%,0%,0%
Actuel B,4.3,42,Clothing Store,http://actuelb.com/,"7 rue Joseph Vernet, 84000, Avignon, France",Oui,81%,2%,0%,7%,0%
Vestiaire Collective,4.1,"72,807",Clothing Store,http://vestiairecollective.com/?utm_medium=partnership&utm_source=trustpilot.com,"53 Rue de Châteaudun, 75009, Paris, France",Oui,59%,9%,4%,3%,25%
Nuudlace,4.3,9,Clothing Store,http://nuudlace.fr/,,Oui,89%,11%,0%,0%,0%
Warm People,3.8,2,Clothing Store,http://warmpeople.co/,,Oui,0%,0%,0%,0%,0%
Boothbee,4.2,6,Clothing Store,http://boothbee.com/,,Oui,0%,0%,0%,0%,0%
Leminor,4.3,9,Clothing Store,http://www.leminor.fr/,,Oui,89%,11%,0%,0%,0%
Schmiede Mode,4.3,7,Clothing Store,http://schmiedemode.de/,,Oui,0%,0%,0%,0%,0%
Salty Crew Europe,4.3,698,Clothing Store,http://salty-crew.eu/,"14 Avenue de Laubian, 40510, Seignosse, France",Oui,79%,7%,3%,3%,8%
Kalos France,4.8,"1,457",Jewelry Store,http://kalos-france.com/,,Oui,88%,7%,2%,1%,2%
Belldandy,4.3,12,Clothing Store,http://belldandy.fr/,,Oui,58%,0%,0%,0%,42%
Laboutiquedudressing,4.3,9,Clothing Store,http://laboutiquedudressing.com/,"114 rue de la poterie, 72330, Cérant-Foulletourte, France",Oui,0%,0%,0%,0%,0%
Bonobo Jeans,3.9,201,Clothing Store,http://bonoboplanet.com/,,Oui,46%,5%,1%,7%,41%
Cocorico,4.5,"15,125",Clothing Store,http://www.cocorico.store/,,Oui,77%,11%,5%,3%,4%
Vinted FR,3.4,"40,485",Clothing Store,https://vinted.fr/,,Oui,43%,7%,4%,4%,42%
Morgan,3.8,518,Clothing Store,http://morgandetoi.fr/,,Oui,46%,6%,5%,4%,39%
Le-Tablier.fr,4.3,7,Clothing Store,https://le-tablier.fr/,,Oui,0%,0%,0%,0%,0%
Footkorner,3.4,"1,960",Clothing Store,http://footkorner.com/,,Oui,0%,0%,3%,2%,35%
MTStore,4.3,7,Clothing Store,http://mtstore.fr/,,Oui,0%,0%,0%,0%,0%
BAISI Hair FR,4.4,"1,218",Hair & Beauty,http://baisihair.fr/,"44300, France",Oui,76%,6%,2%,2%,14%
Maisonstellaire,4.3,8,Clothing Store,http://maisonstellaire.fr/,,Oui,0%,0%,0%,0%,0%
Substance Biarritz,4.3,7,Clothing Store,http://substancebiarritz.com/,"2 rue des chênes, 64210, Bidart, France",Oui,0%,0%,0%,0%,0%
mathildecabanas.com,4.3,7,Beauty Store,http://mathildecabanas.com/,,Oui,0%,0%,0%,0%,0%
AKA - Djiké Brand of Hope,4.3,8,Clothing Store,https://djike.store/,"6 avenue des sévines, 92230, Gennevilliers, France",Oui,0%,0%,0%,0%,0%
Holekings,4.0,3,Clothing Store,http://www.holekings.com/,,Oui,0%,0%,0%,0%,0%
Folyfring,4.2,79,Clothing Store,http://www.folyfring.fr/,,Oui,86%,8%,0%,1%,5%
Sarenza,4.1,"3,777",Clothing Store,http://www.sarenza.com/,,Oui,53%,5%,2%,3%,37%
splitee.fr,4.3,8,Clothing Store,http://splitee.fr/,"8 Rue des Marronniers, 69002, Lyon, France",Oui,0%,0%,0%,0%,0%
Xym,4.3,8,Clothing Store,http://www.xymshop.fr/,,Oui,0%,0%,0%,0%,0%
heroseven.com,4.3,7,Clothing Store,http://heroseven.com/,,Oui,0%,0%,0%,0%,0%
Fitmefor20,4.0,4,Clothing Store,http://fitmefor20.com/,,Oui,0%,0%,0%,0%,0%
ContreCœur,4.3,8,Clothing Store,http://contrecoeur.fr/,,Oui,0%,0%,0%,0%,0%
NORM-CORE,4.3,"1,605",Clothing Store,http://norm-core.com/,,Oui,72%,12%,4%,4%,8%
Theblackluxe,3.4,2,Clothing Store,https://theblackluxe.com/,,Oui,0%,0%,0%,0%,0%
Sofelaofficiel,4.2,208,Clothing Store,http://sofelaofficiel.com/,,Oui,61%,22%,3%,1%,14%
Vestiaire Collective,4.1,"72,807",Clothing Store,http://vestiairecollective.com/?utm_medium=partnership&utm_source=trustpilot.com,"53 Rue de Châteaudun, 75009, Paris, France",Oui,59%,9%,4%,3%,25%
Warm People,3.8,2,Clothing Store,http://warmpeople.co/,,Oui,0%,0%,0%,0%,0%
Boothbee,4.2,6,Clothing Store,http://boothbee.com/,,Oui,0%,0%,0%,0%,0%
Leminor,4.3,9,Clothing Store,http://www.leminor.fr/,,Oui,89%,11%,0%,0%,0%
Sweet Birth,4.2,160,Clothing Store,http://sweetbirth.net/,,Oui,69%,9%,3%,1%,18%
Wondersquare,4.3,9,Clothing Store,http://wondersquare.eu/,"Rue merlin de douai, 59500, douai, France",Oui,89%,11%,0%,0%,0%
ARMADIO 55,4.3,8,Clothing Store,http://www.armadio55.com/,,Oui,0%,0%,0%,0%,0%
Modange,4.2,377,Clothing Store,http://modange.fr/,,Oui,77%,3%,1%,2%,17%
Schmiede Mode,4.3,7,Clothing Store,http://schmiedemode.de/,,Oui,0%,0%,0%,0%,0%
Redlegend,4.3,8,Clothing Store,http://redlegend.fr/,,Oui,0%,0%,0%,0%,0%
Urbanmeow - e-boutique,4.3,8,Clothing Store,http://urbanmeow.fr/,,Oui,0%,0%,0%,0%,0%
Kalos France,4.8,"1,457",Jewelry Store,http://kalos-france.com/,,Oui,88%,7%,2%,1%,2%
Escandelle,4.2,11,Shoe Store,http://escandelle.com/,,Oui,91%,0%,0%,0%,9%
Bonobo Jeans,3.9,201,Clothing Store,http://bonoboplanet.com/,,Oui,46%,5%,1%,7%,41%
Cocorico,4.5,"15,125",Clothing Store,http://www.cocorico.store/,,Oui,77%,11%,5%,3%,4%
Vinted FR,3.4,"40,485",Clothing Store,https://vinted.fr/,,Oui,43%,7%,4%,4%,42%
nabira.fr,4.2,75,Clothing Store,http://nabira.fr/,,Oui,65%,0%,0%,3%,32%
Univers Papillon,0,0,Clothing Store,http://univers-papillon.fr/,,Oui,0%,0%,0%,0%,0%
Morgan,3.8,518,Clothing Store,http://morgandetoi.fr/,,Oui,46%,6%,5%,4%,39%
Footkorner,3.4,"1,960",Clothing Store,http://footkorner.com/,,Oui,0%,0%,3%,2%,35%
Cimbalas,4.2,10,Clothing Store,https://cimbalas.fr/,"8 boulevard déodat de séverac, 31300, Toulouse, France",Oui,0%,0%,0%,0%,0%
crazylace.fr,4.2,8,Shoe Store,https://www.crazylace.fr/,,Oui,87%,0%,13%,0%,0%
Santorini Shop,4.2,43,Clothing Store,http://santorini-shop.fr/,"4 Allée de Marseille, 4, Allée de Marseille, 91300, Massy, France",Oui,59%,0%,9%,0%,2%
OTTS CLO,4.2,16,Clothing Store,http://ottsclo.com/,"44 quai de la marne 75019 Paris France, 75019, Paris, France",Oui,88%,6%,6%,0%,0%
BAISI Hair FR,4.4,"1,218",Hair & Beauty,http://baisihair.fr/,"44300, France",Oui,76%,6%,2%,2%,14%
Mademoiselle Eclatante,4.2,15,Clothing Store,http://mademoiselleeclatante.com/,"74 rue des bottiers, 49230, sèvremoine, France",Oui,93%,0%,0%,7%,0%
Mode&styles,4.2,27,Clothing Store,http://modestyles.fr/,"8 rue des tilleuls, 62119, DOURGES, France",Oui,74%,11%,4%,4%,7%
Holekings,4.0,3,Clothing Store,http://www.holekings.com/,,Oui,0%,0%,0%,0%,0%
Project,4.2,22,Shoe Store,https://www.sneakersdelivery.com/,,Oui,68%,0%,0%,0%,32%
Plakar Concept,4.2,8,Clothing Store,http://www.plakar-concept.fr/,,Oui,12%,0%,0%,0%,88%
Sarenza,4.1,"3,777",Clothing Store,http://www.sarenza.com/,,Oui,53%,5%,2%,3%,37%
WICKED ONE,4.2,23,Clothing Store,http://www.wickedone.fr/,,Oui,52%,0%,4%,0%,44%
Ritchie Jeans,4.2,25,Clothing Store,http://www.ritchie-jeans.com/,,Oui,76%,4%,4%,4%,12%
Encore Shop,4.2,15,Clothing Store,http://encore-shop.fr/,"79 avenue Jean Jaurès, 69370, Saint didier au Mont D'Or, France",Oui,93%,0%,0%,0%,7%
Brod Textile Publicité,4.2,7,Clothing Store,http://www.brodtextile.com/,"Chemin de Mûre 9, 69780, Saint-Pierre-de-Chandieu, France",Oui,71%,0%,0%,0%,29%
Fitmefor20,4.0,4,Clothing Store,http://fitmefor20.com/,,Oui,0%,0%,0%,0%,0%
Factory Jean's,4.2,14,Clothing Store,http://www.factoryjeans.fr/,"Centre commercial des 4As Rue de l'as de carreau, 90000, Belfort, France",Oui,72%,14%,0%,7%,7%
NORM-CORE,4.3,"1,605",Clothing Store,http://norm-core.com/,,Oui,72%,12%,4%,4%,8%
Theblackluxe,3.4,2,Clothing Store,https://theblackluxe.com/,,Oui,0%,0%,0%,0%,0%
Vestiaire Collective,4.1,"72,807",Clothing Store,http://vestiairecollective.com/?utm_medium=partnership&utm_source=trustpilot.com,"53 Rue de Châteaudun, 75009, Paris, France",Oui,59%,9%,4%,3%,25%
la Civette boutique,4.2,9,Clothing Store,http://la-civette.fr/,,Oui,78%,11%,11%,0%,0%
Warm People,3.8,2,Clothing Store,http://warmpeople.co/,,Oui,0%,0%,0%,0%,0%
Boothbee,4.2,6,Clothing Store,http://boothbee.com/,,Oui,0%,0%,0%,0%,0%
Attention Peinture Fraiche,4.2,8,Clothing Store,http://attention-peinture-fraiche.com/,,Oui,87%,0%,0%,13%,0%
l'Artefact,4.2,7,Clothing Store,http://lartefact.fr/,,Oui,86%,14%,0%,0%,0%
Hadéen-place,4.2,12,Clothing Store,http://hadeen-place.fr/,,Oui,84%,8%,0%,0%,8%
Schmiede Mode,4.3,7,Clothing Store,http://schmiedemode.de/,,Oui,0%,0%,0%,0%,0%
Kalos France,4.8,"1,457",Jewelry Store,http://kalos-france.com/,,Oui,88%,7%,2%,1%,2%
Miinto France,4.1,"3,279",Clothing Store,http://miinto.fr/,,Oui,74%,6%,2%,2%,16%
Bonobo Jeans,3.9,201,Clothing Store,http://bonoboplanet.com/,,Oui,46%,5%,1%,7%,41%
Cocorico,4.5,"15,125",Clothing Store,http://www.cocorico.store/,,Oui,77%,11%,5%,3%,4%
Vinted FR,3.4,"40,485",Clothing Store,https://vinted.fr/,,Oui,43%,7%,4%,4%,42%
Morgan,3.8,518,Clothing Store,http://morgandetoi.fr/,,Oui,46%,6%,5%,4%,39%
Footkorner,3.4,"1,960",Clothing Store,http://footkorner.com/,,Oui,0%,0%,3%,2%,35%
BAISI Hair FR,4.4,"1,218",Hair & Beauty,http://baisihair.fr/,"44300, France",Oui,76%,6%,2%,2%,14%
La Halle,4.1,757,Clothing Store,http://lahalle.com/,,Oui,37%,6%,3%,4%,0%
Coeur Douce,4.2,6,Clothing Store,http://coeurdouce.com/,,Oui,0%,0%,0%,0%,0%
Holekings,4.0,3,Clothing Store,http://www.holekings.com/,,Oui,0%,0%,0%,0%,0%
Chaussettes-Nature.com,4.1,49,Shoe Store,http://www.chaussettes-nature.com/,,Oui,61%,0%,0%,4%,35%
Sarenza,4.1,"3,777",Clothing Store,http://www.sarenza.com/,,Oui,53%,5%,2%,3%,37%
Y-SIDE,4.1,128,Clothing Store,http://www.yside-store.com/,,Oui,57%,22%,5%,1%,15%
T-Kapable,4.2,7,Clothing Store,http://t-kapable.fr/,,Oui,0%,0%,0%,0%,0%
Free Vibes,4.1,370,Clothing Store,http://www.freevibes.fr/,"58 rue Jean Duvert, Immeuble le Fiducia, 33290, Blanquefort, France",Oui,52%,21%,6%,3%,18%
Monchanvre.fr : la marketplace du chanvre français,4.1,79,Clothing Store,http://monchanvre.fr/,,Oui,75%,9%,6%,1%,9%
Fitmefor20,4.0,4,Clothing Store,http://fitmefor20.com/,,Oui,0%,0%,0%,0%,0%
W.O.P - World Of Pop,4.2,6,Clothing Store,http://world-of-pop.com/,,Oui,0%,0%,0%,0%,0%
Zkbestretailer,4.2,6,Clothing Store,http://zkbestretailer.com/,,Oui,0%,0%,0%,0%,0%
NORM-CORE,4.3,"1,605",Clothing Store,http://norm-core.com/,,Oui,72%,12%,4%,4%,8%
Yeskersclothing,4.2,6,Clothing Store,http://yeskersclothing.fr/,,Oui,0%,0%,0%,0%,0%
JustPik,4.2,6,Clothing Store,http://justpik.fr/,"7 rue Barrier, 69006, LYON, France",Oui,83%,17%,0%,0%,0%
Theblackluxe,3.4,2,Clothing Store,https://theblackluxe.com/,,Oui,0%,0%,0%,0%,0%
Foly Fring,4.1,"1,183",Clothing Store,http://foly-fring.com/,,Oui,83%,0%,1%,1%,5%
Vestiaire Collective,4.1,"72,807",Clothing Store,http://vestiairecollective.com/?utm_medium=partnership&utm_source=trustpilot.com,"53 Rue de Châteaudun, 75009, Paris, France",Oui,59%,9%,4%,3%,25%
Cuir-City.com,4.1,65,Clothing Store,https://www.cuir-city.com/,,Oui,0%,0%,5%,1%,14%
Warm People,3.8,2,Clothing Store,http://warmpeople.co/,,Oui,0%,0%,0%,0%,0%
Boothbee,4.2,6,Clothing Store,http://boothbee.com/,,Oui,0%,0%,0%,0%,0%
Carrecroix,4.2,6,Jewelry Store,http://carrecroix.fr/,,Oui,0%,0%,0%,0%,0%
Sneakerhub FR,4.1,56,Shoe Store,http://sneakerhub.fr/,"75011, Paris, France",Oui,69%,5%,11%,4%,11%
tupeuxpas.fr,4.1,29,Clothing Store,http://tupeuxpas.fr/,,Oui,62%,3%,0%,0%,35%
NBASB,4.2,6,Shoe Store,http://nbasb.com/,,Oui,0%,0%,0%,0%,0%
royal-mer.com,4.2,6,Clothing Store,http://royal-mer.com/,"40 rue levavasseur, 35800, Dinard, France",Oui,0%,0%,0%,0%,0%
Schmiede Mode,4.3,7,Clothing Store,http://schmiedemode.de/,,Oui,0%,0%,0%,0%,0%
Kalos France,4.8,"1,457",Jewelry Store,http://kalos-france.com/,,Oui,88%,7%,2%,1%,2%
Backpacker Clothing,4.1,5,Clothing Store,http://backpackerclothing.com/,,Oui,0%,0%,0%,0%,0%
Bonobo Jeans,3.9,201,Clothing Store,http://bonoboplanet.com/,,Oui,46%,5%,1%,7%,41%
chluxury.fr,4.1,5,Clothing Store,http://chluxury.fr/,,Oui,0%,0%,0%,0%,0%
Cocorico,4.5,"15,125",Clothing Store,http://www.cocorico.store/,,Oui,77%,11%,5%,3%,4%
Vinted FR,3.4,"40,485",Clothing Store,https://vinted.fr/,,Oui,43%,7%,4%,4%,42%
Events Family,4.1,6,Clothing Store,http://events-family.com/,"3 rue Rembrandt Bugatti, 14370, Moult, France",Oui,83%,0%,17%,0%,0%
Tchia L,4.1,5,Clothing Store,http://tchia-l.com/,,Oui,0%,0%,0%,0%,0%
Morgan,3.8,518,Clothing Store,http://morgandetoi.fr/,,Oui,46%,6%,5%,4%,39%
Chau7,4.1,17,Clothing Store,http://www.chau7.fr/,,Oui,29%,6%,6%,6%,53%
NODA,4.1,16,Clothing Store,http://nodaclothing.com/,"186, Rue Ordener, 75018, Paris, France",Oui,62%,13%,0%,6%,19%
Footkorner,3.4,"1,960",Clothing Store,http://footkorner.com/,,Oui,0%,0%,3%,2%,35%
novaStore,4.1,6,Clothing Store,http://novastore.fr/,,Oui,83%,0%,0%,0%,17%
Aniki - Objectif Soleil Levant,4.1,6,Clothing Store,http://aniki-shop.com/,"54 Rue Antoine de Saint-Exupéry, 13109, Simiane-Collongue, France",Oui,83%,17%,0%,0%,0%
Sb3surfshop,4.1,17,Clothing Store,http://sb3surfshop.fr/,,Oui,82%,0%,0%,0%,18%
India Sampatti,4.1,5,Clothing Store,https://indiasampatti.com/,,Oui,0%,0%,0%,0%,0%
The Silk Road,4.1,9,Clothing Store,http://tsrparis.com/,"6 Rue d'Armaillé, 75017, Paris, France",Oui,89%,0%,0%,11%,0%
dopeshape,4.1,10,Shoe Store,http://www.dopeshapesneakers.com/,,Oui,0%,0%,0%,0%,0%
Brice,4.1,6,Clothing Store,http://brice.fr/,,Oui,0%,17%,0%,0%,33%
Holekings,4.0,3,Clothing Store,http://www.holekings.com/,,Oui,0%,0%,0%,0%,0%
Lovesignature,4.1,5,Clothing Store,http://lovesignature.fr/,"35 boulevard pierre semard, 06300, Nice, France",Oui,0%,0%,0%,0%,0%
Sarenza,4.1,"3,777",Clothing Store,http://www.sarenza.com/,,Oui,53%,5%,2%,3%,37%
Horizons Lointains,4.7,"4,539",Clothing Store,https://horizons-lointains.fr/,"9 rue la Praya, 33950, Lège Cap Ferret, France",Oui,87%,7%,3%,1%,2%
Fitmefor20,4.0,4,Clothing Store,http://fitmefor20.com/,,Oui,0%,0%,0%,0%,0%
NORM-CORE,4.3,"1,605",Clothing Store,http://norm-core.com/,,Oui,72%,12%,4%,4%,8%
Theblackluxe,3.4,2,Clothing Store,https://theblackluxe.com/,,Oui,0%,0%,0%,0%,0%
Lozzinna Outlet™,4.1,10,Clothing Store,http://lozzinnaoutlet.com/,,Oui,0%,0%,0%,0%,0%
Vestiaire Collective,4.1,"72,807",Clothing Store,http://vestiairecollective.com/?utm_medium=partnership&utm_source=trustpilot.com,"53 Rue de Châteaudun, 75009, Paris, France",Oui,59%,9%,4%,3%,25%
mes-pantoufles.fr,4.1,5,Clothing Store,http://mes-pantoufles.fr/,,Oui,0%,0%,0%,0%,0%
Boothbee,4.2,6,Clothing Store,http://boothbee.com/,,Oui,0%,0%,0%,0%,0%
Warm People,3.8,2,Clothing Store,http://warmpeople.co/,,Oui,0%,0%,0%,0%,0%
Onlyonce Bwloo,4.1,5,Clothing Store,http://onlyonce-bwloo.com/,,Oui,0%,0%,0%,0%,0%
FRIPARI,4.1,6,Clothing Store,http://fripari.fr/,,Oui,83%,17%,0%,0%,0%
Schmiede Mode,4.3,7,Clothing Store,http://schmiedemode.de/,,Oui,0%,0%,0%,0%,0%
Kalos France,4.8,"1,457",Jewelry Store,http://kalos-france.com/,,Oui,88%,7%,2%,1%,2%
Terre Des Andes,4.1,8,Clothing Store,http://terre-des-andes.com/,"102 Avenue de la Baraudière, 44800, ST HERBLAIN, France",Oui,75%,25%,0%,0%,0%
Freshstore,4.1,14,Clothing Store,http://freshstore.fr/,,Oui,86%,0%,0%,0%,14%
Backpacker Clothing,4.1,5,Clothing Store,http://backpackerclothing.com/,,Oui,0%,0%,0%,0%,0%
Bonobo Jeans,3.9,201,Clothing Store,http://bonoboplanet.com/,,Oui,46%,5%,1%,7%,41%
Cocorico,4.5,"15,125",Clothing Store,http://www.cocorico.store/,,Oui,77%,11%,5%,3%,4%
Anime World,4.1,5,Clothing Store,http://animeworld.store/,,Oui,0%,0%,0%,0%,0%
Nacy Séduction,4.1,5,Clothing Store,http://nacy-seduction.com/,,Oui,0%,0%,0%,0%,0%
Vinted FR,3.4,"40,485",Clothing Store,https://vinted.fr/,,Oui,43%,7%,4%,4%,42%
bonprix,4.0,"10,921",Clothing Store,http://www.bonprix.fr/,,Oui,55%,27%,9%,3%,6%
Morgan,3.8,518,Clothing Store,http://morgandetoi.fr/,,Oui,46%,6%,5%,4%,39%
Footkorner,3.4,"1,960",Clothing Store,http://footkorner.com/,,Oui,0%,0%,3%,2%,35%
Alienstar,4.1,5,Clothing Store,http://www.alienstar.fr/,,Oui,0%,0%,0%,0%,0%
Holekings,4.0,3,Clothing Store,http://www.holekings.com/,,Oui,0%,0%,0%,0%,0%
Sarenza,4.1,"3,777",Clothing Store,http://www.sarenza.com/,,Oui,53%,5%,2%,3%,37%
Compañero,4.0,139,Clothing Store,http://www.mycompanero.com/,"1 Rue de la Porte Génoise, 20137, Porto-Vecchio, France",Oui,85%,2%,2%,1%,0%
WITT international,4.0,243,Shoe Store,http://wittinternational.fr/,,Oui,0%,8%,3%,5%,34%
Constant personal shopper éthique,4.1,5,Clothing Store,https://constant-personalshopper.com/,,Oui,0%,0%,0%,0%,0%
Etrias,4.0,"1,703",Clothing Store,https://www.etrias.fr/,,Oui,67%,9%,3%,3%,18%
Horizons Lointains,4.7,"4,539",Clothing Store,https://horizons-lointains.fr/,"9 rue la Praya, 33950, Lège Cap Ferret, France",Oui,87%,7%,3%,1%,2%
Sudvision,4.1,5,Clothing Store,http://sudvision.fr/,,Oui,0%,0%,0%,0%,0%
Abensia,4.1,5,Clothing Store,http://www.abensia.com/,"27 rue de Montévidéo, 75116, Paris, France",Oui,0%,0%,0%,0%,0%
Fitmefor20,4.0,4,Clothing Store,http://fitmefor20.com/,,Oui,0%,0%,0%,0%,0%
Les robes de Colette,4.0,105,Clothing Store,http://lesrobesdecolette.com/,,Oui,72%,3%,2%,1%,22%
Mrlovelo,4.1,5,Clothing Store,http://mrlovelo.com/,,Oui,0%,0%,0%,0%,0%
NORM-CORE,4.3,"1,605",Clothing Store,http://norm-core.com/,,Oui,72%,12%,4%,4%,8%
Theblackluxe,3.4,2,Clothing Store,https://theblackluxe.com/,,Oui,0%,0%,0%,0%,0%
Ma Tête dans les Nuages,4.1,5,Clothing Store,http://www.matetedanslesnuages.shop/,,Oui,0%,0%,0%,0%,0%
Resiliencenordic,4.1,5,Clothing Store,http://resiliencenordic.fr/,,Oui,0%,0%,0%,0%,0%
Vestiaire Collective,4.1,"72,807",Clothing Store,http://vestiairecollective.com/?utm_medium=partnership&utm_source=trustpilot.com,"53 Rue de Châteaudun, 75009, Paris, France",Oui,59%,9%,4%,3%,25%
Warm People,3.8,2,Clothing Store,http://warmpeople.co/,,Oui,0%,0%,0%,0%,0%
Gotamdesign,4.1,5,Clothing Store,http://gotamdesign.fr/,,Oui,0%,0%,0%,0%,0%
Boothbee,4.2,6,Clothing Store,http://boothbee.com/,,Oui,0%,0%,0%,0%,0%
Brandibay,4.1,5,Clothing Store,https://www.brandibay.com/,"11 rue du pre de la ville, 77124, Penchard, France",Oui,0%,0%,0%,0%,0%
Snailia,4.1,5,Clothing Store,http://snailia.fr/,"175 avenue du professeur etienne antonelli, 34070, Montpellier, France",Oui,0%,0%,0%,0%,0%
Maisonsantiag,4.1,5,Clothing Store,http://maisonsantiag.com/,,Oui,0%,0%,0%,0%,0%
Atelier-Lahia,4.1,5,Clothing Store,http://atelier-lahia.com/,,Oui,0%,0%,0%,0%,0%
Schmiede Mode,4.3,7,Clothing Store,http://schmiedemode.de/,,Oui,0%,0%,0%,0%,0%
Kalos France,4.8,"1,457",Jewelry Store,http://kalos-france.com/,,Oui,88%,7%,2%,1%,2%
Bonobo Jeans,3.9,201,Clothing Store,http://bonoboplanet.com/,,Oui,46%,5%,1%,7%,41%
Directmarques,4.0,9,Clothing Store,http://directmarques.fr/,,Oui,89%,0%,0%,0%,11%
Cocorico,4.5,"15,125",Clothing Store,http://www.cocorico.store/,,Oui,77%,11%,5%,3%,4%
Vinted FR,3.4,"40,485",Clothing Store,https://vinted.fr/,,Oui,43%,7%,4%,4%,42%
pool21.com,4.0,7,Clothing Store,http://www.pool21.com/,,Oui,86%,0%,0%,0%,14%
808,4.0,83,Clothing Store,http://808.vision/,,Oui,69%,6%,6%,2%,17%
Blockenstock,4.0,4,Clothing Store,http://blockenstock.fr/,,Oui,0%,0%,0%,0%,0%
Morgan,3.8,518,Clothing Store,http://morgandetoi.fr/,,Oui,46%,6%,5%,4%,39%
Vinylworkprocess,4.0,4,Clothing Store,http://vinylworkprocess.com/,"18 rue principale, 57970, Inglange, France",Oui,0%,0%,0%,0%,0%
Greatness Over Death,4.0,8,Clothing Store,http://g-over-d.com/,"11 Boulevard Barthélémy, 13009, Marseille, France",Oui,87%,0%,13%,0%,0%
Footkorner,3.4,"1,960",Clothing Store,http://footkorner.com/,,Oui,0%,0%,3%,2%,35%
REAL N SWAG,4.0,6,Clothing Store,http://realnswag.fr/,,Oui,33%,33%,17%,0%,17%
Holekings,4.0,3,Clothing Store,http://www.holekings.com/,,Oui,0%,0%,0%,0%,0%
Lepape,4.0,7,Clothing Store,http://lepape.fr/,"Rue d'Artois 39, 75008, Paris, France",Oui,86%,0%,0%,0%,14%
Unlimit,4.0,18,Clothing Store,http://unlimit.fr/,,Oui,89%,11%,0%,0%,0%
Sarenza,4.1,"3,777",Clothing Store,http://www.sarenza.com/,,Oui,53%,5%,2%,3%,37%
La Boutique de Kate,4.0,4,Clothing Store,http://laboutiquedekate.fr/,,Oui,75%,25%,0%,0%,0%
Horizons Lointains,4.7,"4,539",Clothing Store,https://horizons-lointains.fr/,"9 rue la Praya, 33950, Lège Cap Ferret, France",Oui,87%,7%,3%,1%,2%
Jennly,4.0,16,Clothing Store,http://jennlymode.com/,,Oui,69%,12%,13%,0%,6%
Bragard France,4.0,55,Clothing Store,http://bragard.fr/,,Oui,71%,2%,0%,7%,0%
Fitmefor20,4.0,4,Clothing Store,http://fitmefor20.com/,,Oui,0%,0%,0%,0%,0%
NORM-CORE,4.3,"1,605",Clothing Store,http://norm-core.com/,,Oui,72%,12%,4%,4%,8%
Frapp,4.0,4,Clothing Store,http://frapp.shop/,,Oui,0%,0%,0%,0%,0%
Theblackluxe,3.4,2,Clothing Store,https://theblackluxe.com/,,Oui,0%,0%,0%,0%,0%
Sneakin,4.0,31,Shoe Store,http://sneakin.pt/,"2 rue Lavoisier , 37270 , Montlouis-sur-Loire France , France",Oui,74%,7%,3%,3%,13%
Vestiaire Collective,4.1,"72,807",Clothing Store,http://vestiairecollective.com/?utm_medium=partnership&utm_source=trustpilot.com,"53 Rue de Châteaudun, 75009, Paris, France",Oui,59%,9%,4%,3%,25%
Warm People,3.8,2,Clothing Store,http://warmpeople.co/,,Oui,0%,0%,0%,0%,0%
Boothbee,4.2,6,Clothing Store,http://boothbee.com/,,Oui,0%,0%,0%,0%,0%
Hydra Clothing,4.0,6,Clothing Store,https://hydra-clothing.fr/,,Oui,83%,17%,0%,0%,0%
Centrotextilhogar,4.0,5,Clothing Store,http://www.centrotextilhogar.com/,,Oui,0%,0%,0%,0%,0%
Vestil,4.0,4,Clothing Store,https://vestil.fr/,"1 rue de Stockholm, 75008, Paris, France",Oui,0%,0%,0%,0%,0%
Jaraguar,4.0,9,Clothing Store,http://jaraguar.com/,,Oui,56%,0%,0%,0%,44%
NUS,4.0,8,Clothing Store,http://vivre-nus.fr/,,Oui,75%,0%,0%,0%,25%
Maisonsisters,4.0,4,Clothing Store,http://maisonsisters.fr/,,Oui,0%,0%,0%,0%,0%
Schmiede Mode,4.3,7,Clothing Store,http://schmiedemode.de/,,Oui,0%,0%,0%,0%,0%
Kalos France,4.8,"1,457",Jewelry Store,http://kalos-france.com/,,Oui,88%,7%,2%,1%,2%
Bonobo Jeans,3.9,201,Clothing Store,http://bonoboplanet.com/,,Oui,46%,5%,1%,7%,41%
Animevibeshop,4.0,4,Clothing Store,http://animevibeshop.com/,,Oui,0%,0%,0%,0%,0%
Cocorico,4.5,"15,125",Clothing Store,http://www.cocorico.store/,,Oui,77%,11%,5%,3%,4%
Supercadeaux,4.0,4,Clothing Store,http://supercadeaux.fr/,,Oui,0%,0%,0%,0%,0%
Vinted FR,3.4,"40,485",Clothing Store,https://vinted.fr/,,Oui,43%,7%,4%,4%,42%
Ilimito,4.0,4,Clothing Store,http://ilimito.com/,,Oui,0%,0%,0%,0%,0%
SOBRE by S,4.0,4,Clothing Store,http://sobrebys.com/,,Oui,0%,0%,0%,0%,0%
Morgan,3.8,518,Clothing Store,http://morgandetoi.fr/,,Oui,46%,6%,5%,4%,39%
Gabbavintage,4.0,4,Clothing Store,http://gabbavintage.com/,,Oui,0%,0%,0%,0%,0%
Footkorner,3.4,"1,960",Clothing Store,http://footkorner.com/,,Oui,0%,0%,3%,2%,35%
Bodhy,4.0,4,Clothing Store,http://bodhy.fr/,"4b montée bel air , 13006, Marseille, France",Oui,0%,0%,0%,0%,0%
Maison claverie,4.0,4,Clothing Store,http://maisonclaverie.com/,,Oui,0%,0%,0%,0%,0%
Meydelices,4.0,3,Clothing Store,http://www.meydelices.fr/,,Oui,0%,0%,0%,0%,0%
Altermundi,4.0,4,Clothing Store,http://altermundi.com/,,Oui,0%,0%,0%,0%,0%
Royaume Des Housses,4.0,4,Clothing Store,http://royaume-des-housses.fr/,,Oui,25%,0%,0%,0%,75%
Hivy,4.0,3,Clothing Store,http://hivystore.com/,"440 rue de la tuilière, 34190, Ganges, France",Oui,0%,0%,0%,0%,0%
Holekings,4.0,3,Clothing Store,http://www.holekings.com/,,Oui,0%,0%,0%,0%,0%
Lebraceletfrancais,4.0,3,Jewelry Store,http://lebraceletfrancais.fr/,,Oui,0%,0%,0%,0%,0%
Sarenza,4.1,"3,777",Clothing Store,http://www.sarenza.com/,,Oui,53%,5%,2%,3%,37%
Stick842,4.0,3,Clothing Store,http://stick842.com/,,Oui,0%,0%,0%,0%,0%
Ichigoodesign,4.0,3,Clothing Store,http://ichigoodesign.com/,,Oui,0%,0%,0%,0%,0%
Orimisa,4.0,4,Clothing Store,http://orimisa.com/,,Oui,0%,0%,0%,0%,0%
Horizons Lointains,4.7,"4,539",Clothing Store,https://horizons-lointains.fr/,"9 rue la Praya, 33950, Lège Cap Ferret, France",Oui,87%,7%,3%,1%,2%
Fitmefor20,4.0,4,Clothing Store,http://fitmefor20.com/,,Oui,0%,0%,0%,0%,0%
Window Shopper,4.0,4,Shoe Store,http://windowshopper.fr./,"38 Bis Boulevard Victor Hugo, 06000, Nice, France",Oui,0%,0%,0%,0%,0%
NORM-CORE,4.3,"1,605",Clothing Store,http://norm-core.com/,,Oui,72%,12%,4%,4%,8%
Theblackluxe,3.4,2,Clothing Store,https://theblackluxe.com/,,Oui,0%,0%,0%,0%,0%
Duchesse Lady Chic,4.0,4,Clothing Store,http://duchesse-lady-chic.fr/,,Oui,75%,25%,0%,0%,0%
Vestiaire Collective,4.1,"72,807",Clothing Store,http://vestiairecollective.com/?utm_medium=partnership&utm_source=trustpilot.com,"53 Rue de Châteaudun, 75009, Paris, France",Oui,59%,9%,4%,3%,25%
Warm People,3.8,2,Clothing Store,http://warmpeople.co/,,Oui,0%,0%,0%,0%,0%
Boothbee,4.2,6,Clothing Store,http://boothbee.com/,,Oui,0%,0%,0%,0%,0%
Energystore,4.0,3,Shoe Store,http://www.energystore.fr/,,Oui,0%,0%,0%,0%,0%
Stimmy,4.0,4,Clothing Store,http://stimmy.fr/,,Oui,0%,0%,0%,0%,0%
Schmiede Mode,4.3,7,Clothing Store,http://schmiedemode.de/,,Oui,0%,0%,0%,0%,0%
Kalos France,4.8,"1,457",Jewelry Store,http://kalos-france.com/,,Oui,88%,7%,2%,1%,2%
Chicrobe,4.0,3,Clothing Store,http://chicrobe.fr/,,Oui,0%,0%,0%,0%,0%
Bonobo Jeans,3.9,201,Clothing Store,http://bonoboplanet.com/,,Oui,46%,5%,1%,7%,41%
Slash Store,4.0,3,Shoe Store,http://slash-store.com/,"Rue Haxo 9, 13001, Marseille, France",Oui,0%,0%,0%,0%,0%
Cocorico,4.5,"15,125",Clothing Store,http://www.cocorico.store/,,Oui,77%,11%,5%,3%,4%
Vinted FR,3.4,"40,485",Clothing Store,https://vinted.fr/,,Oui,43%,7%,4%,4%,42%
Passion Corset,4.0,3,Clothing Store,http://www.passion-corset.com/,,Oui,0%,0%,0%,0%,0%
Kanzy,4.0,3,Clothing Store,http://kanzy.fr/,,Oui,0%,0%,0%,0%,0%
Morgan,3.8,518,Clothing Store,http://morgandetoi.fr/,,Oui,46%,6%,5%,4%,39%
JOTT,3.9,"1,303",Clothing Store,http://www.justoverthetop.com/,,Oui,52%,7%,4%,4%,33%
Miss Ilios,4.0,3,Clothing Store,http://miss-ilios.com/,,Oui,0%,0%,0%,0%,0%
Footkorner,3.4,"1,960",Clothing Store,http://footkorner.com/,,Oui,0%,0%,3%,2%,35%
Valentin Outlet,4.0,3,Clothing Store,https://valentin-outlet.fr/,"302 Rte des Trois Lucs à la Valentine, 13011, Marseille, France",Oui,0%,0%,0%,0%,0%
dks-cuir.com,4.0,3,Clothing Store,http://www.dks-cuir.com/,,Oui,0%,0%,0%,0%,0%
Bellerobe,4.0,3,Clothing Store,http://bellerobe.fr/,,Oui,0%,0%,0%,0%,0%
Hivy,4.0,3,Clothing Store,http://hivystore.com/,"440 rue de la tuilière, 34190, Ganges, France",Oui,0%,0%,0%,0%,0%
Holekings,4.0,3,Clothing Store,http://www.holekings.com/,,Oui,0%,0%,0%,0%,0%
Sarenza,4.1,"3,777",Clothing Store,http://www.sarenza.com/,,Oui,53%,5%,2%,3%,37%
Lebob,4.0,3,Clothing Store,http://lebob.fr/,,Oui,0%,0%,0%,0%,0%
Mea,4.0,3,Clothing Store,http://www.boutiquemea.com/,,Oui,0%,0%,0%,0%,0%
Horizons Lointains,4.7,"4,539",Clothing Store,https://horizons-lointains.fr/,"9 rue la Praya, 33950, Lège Cap Ferret, France",Oui,87%,7%,3%,1%,2%
Fitmefor20,4.0,4,Clothing Store,http://fitmefor20.com/,,Oui,0%,0%,0%,0%,0%
KSS Gang ®,4.0,3,Clothing Store,http://kssgang.com/,,Oui,0%,0%,0%,0%,0%
NORM-CORE,4.3,"1,605",Clothing Store,http://norm-core.com/,,Oui,72%,12%,4%,4%,8%
Clothesband,4.0,3,Clothing Store,http://clothesband.com/,,Oui,0%,0%,0%,0%,0%
Theblackluxe,3.4,2,Clothing Store,https://theblackluxe.com/,,Oui,0%,0%,0%,0%,0%
ferreirasport.com,4.0,3,Clothing Store,http://www.ferreirasport.com/,,Oui,0%,0%,0%,0%,0%
Vestiaire Collective,4.1,"72,807",Clothing Store,http://vestiairecollective.com/?utm_medium=partnership&utm_source=trustpilot.com,"53 Rue de Châteaudun, 75009, Paris, France",Oui,59%,9%,4%,3%,25%
Warm People,3.8,2,Clothing Store,http://warmpeople.co/,,Oui,0%,0%,0%,0%,0%
A&A NO LIMITS,4.0,3,Clothing Store,http://www.aanolimits.com/,,Oui,0%,0%,0%,0%,0%
Boothbee,4.2,6,Clothing Store,http://boothbee.com/,,Oui,0%,0%,0%,0%,0%
Trans Shirt,4.0,3,Clothing Store,http://trans-shirt.fr/,,Oui,0%,0%,0%,0%,0%
JEZERINE,4.0,3,Clothing Store,http://jezerine.com/,,Oui,0%,0%,0%,0%,0%
Schmiede Mode,4.3,7,Clothing Store,http://schmiedemode.de/,,Oui,0%,0%,0%,0%,0%
Kalos France,4.8,"1,457",Jewelry Store,http://kalos-france.com/,,Oui,88%,7%,2%,1%,2%
Charmelle,4.0,3,Clothing Store,http://charmelle.fr/,,Oui,0%,0%,0%,0%,0%
EDS Store,3.9,103,Shoe Store,http://edsstore.fr/,"62 RUE CHARLES LECOUR, 44120, VERTOU, France",Oui,63%,8%,4%,4%,21%
Bonobo Jeans,3.9,201,Clothing Store,http://bonoboplanet.com/,,Oui,46%,5%,1%,7%,41%
Cocorico,4.5,"15,125",Clothing Store,http://www.cocorico.store/,,Oui,77%,11%,5%,3%,4%
Vinted FR,3.4,"40,485",Clothing Store,https://vinted.fr/,,Oui,43%,7%,4%,4%,42%
Morgan,3.8,518,Clothing Store,http://morgandetoi.fr/,,Oui,46%,6%,5%,4%,39%
Ghibli Shop,3.9,17,Clothing Store,http://ghibli-shop.fr/,,Oui,71%,6%,0%,0%,23%
Footkorner,3.4,"1,960",Clothing Store,http://footkorner.com/,,Oui,0%,0%,3%,2%,35%
Cravate Avenue,3.9,20,Clothing Store,http://cravate-avenue.com/,,Oui,0%,5%,0%,0%,15%
ANTIK BATIK,3.9,28,Clothing Store,http://antikbatik.com/,,Oui,64%,11%,0%,0%,25%
Shop Smartmoda,3.9,6,Clothing Store,http://shop.smartmoda.com/,,Oui,0%,33%,0%,0%,17%
Terredefrance,3.9,8,Clothing Store,http://terredefrance.fr/,,Oui,87%,0%,0%,0%,13%
Zeshoes.com,3.9,12,Shoe Store,http://www.zeshoes.com/,"5 Rue des Terreaux, 38500 Voiron, 38500, Voiron, France",Oui,75%,0%,0%,0%,25%
pablo.fr,3.9,5,Clothing Store,http://pablo.fr/,,Oui,0%,0%,0%,0%,0%
Moulhanoutmaillot,3.9,4,Clothing Store,http://www.moulhanoutmaillot.fr/,,Oui,75%,0%,0%,0%,25%
Nordicwool,3.9,19,Clothing Store,http://nordicwool.fr/,,Oui,63%,5%,0%,0%,32%
Holekings,4.0,3,Clothing Store,http://www.holekings.com/,,Oui,0%,0%,0%,0%,0%
Prideordie,3.9,9,Clothing Store,http://prideordie.com/,,Oui,78%,0%,0%,11%,11%
fuzeshop.fr,3.9,20,Clothing Store,http://www.fuzeshop.fr/,,Oui,45%,0%,0%,5%,0%
Sarenza,4.1,"3,777",Clothing Store,http://www.sarenza.com/,,Oui,53%,5%,2%,3%,37%
chaussexpo.fr,3.9,5,Shoe Store,http://www.chaussexpo.fr/,,Oui,0%,0%,0%,0%,0%
Arichezz Store,3.9,11,Clothing Store,http://arichezz.store/,"Rue Jules Amilhau, 31100, Toulouse, France",Oui,64%,18%,0%,9%,9%
La Halle,3.9,13,Clothing Store,http://lahalle.fr/,"Avenue de Flandre 28, 75019, Paris, France",Oui,23%,15%,8%,0%,54%
unionartisanat.com,3.9,4,Clothing Store,http://www.unionartisanat.com/,,Oui,0%,0%,0%,0%,0%
Horizons Lointains,4.7,"4,539",Clothing Store,https://horizons-lointains.fr/,"9 rue la Praya, 33950, Lège Cap Ferret, France",Oui,87%,7%,3%,1%,2%
Fitmefor20,4.0,4,Clothing Store,http://fitmefor20.com/,,Oui,0%,0%,0%,0%,0%
Topperzstore,3.9,5,Clothing Store,http://topperzstore.fr/,,Oui,0%,0%,0%,0%,0%
NORM-CORE,4.3,"1,605",Clothing Store,http://norm-core.com/,,Oui,72%,12%,4%,4%,8%
Theblackluxe,3.4,2,Clothing Store,https://theblackluxe.com/,,Oui,0%,0%,0%,0%,0%
Vestiaire Collective,4.1,"72,807",Clothing Store,http://vestiairecollective.com/?utm_medium=partnership&utm_source=trustpilot.com,"53 Rue de Châteaudun, 75009, Paris, France",Oui,59%,9%,4%,3%,25%
Morexcustom,3.9,45,Clothing Store,https://morexcustom.com/,,Oui,85%,4%,4%,0%,7%
Warm People,3.8,2,Clothing Store,http://warmpeople.co/,,Oui,0%,0%,0%,0%,0%
Boothbee,4.2,6,Clothing Store,http://boothbee.com/,,Oui,0%,0%,0%,0%,0%
Nuagerouge,3.9,3,Clothing Store,http://nuagerouge.fr/,,Oui,67%,0%,0%,0%,33%
Driadashop,3.9,35,Clothing Store,http://driadashop.fr/,,Oui,66%,8%,0%,0%,26%
Unkut,3.9,4,Clothing Store,http://unkut.fr/,,Oui,25%,0%,0%,0%,25%
Schmiede Mode,4.3,7,Clothing Store,http://schmiedemode.de/,,Oui,0%,0%,0%,0%,0%
Kalos France,4.8,"1,457",Jewelry Store,http://kalos-france.com/,,Oui,88%,7%,2%,1%,2%
Bonobo Jeans,3.9,201,Clothing Store,http://bonoboplanet.com/,,Oui,46%,5%,1%,7%,41%
Cocorico,4.5,"15,125",Clothing Store,http://www.cocorico.store/,,Oui,77%,11%,5%,3%,4%
Vinted FR,3.4,"40,485",Clothing Store,https://vinted.fr/,,Oui,43%,7%,4%,4%,42%
Morgan,3.8,518,Clothing Store,http://morgandetoi.fr/,,Oui,46%,6%,5%,4%,39%
Compil store,3.8,10,Shoe Store,http://compilstore.fr/,"34 Rue Notre Dame de Nazareth, 75003, Paris, France",Oui,0%,0%,0%,0%,0%
Kilthomme,3.8,10,Clothing Store,http://kilthomme.fr/,,Oui,0%,0%,0%,0%,0%
je-suis-raoult,3.8,10,Clothing Store,http://je-suis-raoult.fr/,,Oui,0%,0%,0%,0%,0%
Mariage Eternel,3.8,8,Clothing Store,http://mariage-eternel.com/,,Oui,75%,0%,0%,0%,25%
O'MARA SHOES,3.8,7,Clothing Store,http://omarashoes.com/,,Oui,58%,14%,14%,14%,0%
Footkorner,3.4,"1,960",Clothing Store,http://footkorner.com/,,Oui,0%,0%,3%,2%,35%
Maison 18,0,6,Shoe Store,http://maison18paris.com/,,Oui,66%,17%,0%,0%,17%
64,3.9,3,Clothing Store,http://www.64.eu/,,Oui,67%,0%,33%,0%,0%
0-105.com,3.8,6,Shoe Store,http://0-105.com/,,Oui,67%,0%,0%,0%,33%
Holekings,4.0,3,Clothing Store,http://www.holekings.com/,,Oui,0%,0%,0%,0%,0%
The Oversized Hoodie,3.8,57,Clothing Store,https://the-oversized-hoodie.com/,"122 rue Amelot, 75011, Paris, France",Oui,82%,4%,2%,0%,12%
Sarenza,4.1,"3,777",Clothing Store,http://www.sarenza.com/,,Oui,53%,5%,2%,3%,37%
Horizons Lointains,4.7,"4,539",Clothing Store,https://horizons-lointains.fr/,"9 rue la Praya, 33950, Lège Cap Ferret, France",Oui,87%,7%,3%,1%,2%
Supermot,3.8,11,Clothing Store,http://supermot.fr/,,Oui,46%,9%,0%,18%,27%
Fitmefor20,4.0,4,Clothing Store,http://fitmefor20.com/,,Oui,0%,0%,0%,0%,0%
NORM-CORE,4.3,"1,605",Clothing Store,http://norm-core.com/,,Oui,72%,12%,4%,4%,8%
Graduate,3.8,9,Clothing Store,http://graduatestore.fr/,"Rue du Pas-Saint-Georges 63, 33000, Bordeaux, France",Oui,56%,0%,0%,11%,33%
Theblackluxe,3.4,2,Clothing Store,https://theblackluxe.com/,,Oui,0%,0%,0%,0%,0%
Fdb Performance,3.8,6,Clothing Store,http://fdb-performance.fr/,,Oui,67%,0%,0%,0%,33%
Motus Boutique,4.5,"1,079",Clothing Store,http://www.motusboutique.fr/,,Oui,78%,0%,4%,3%,5%
Vestiaire Collective,4.1,"72,807",Clothing Store,http://vestiairecollective.com/?utm_medium=partnership&utm_source=trustpilot.com,"53 Rue de Châteaudun, 75009, Paris, France",Oui,59%,9%,4%,3%,25%
Renatus,3.8,15,Shoe Store,http://renatus-store.com/,,Oui,93%,0%,0%,0%,7%
Warm People,3.8,2,Clothing Store,http://warmpeople.co/,,Oui,0%,0%,0%,0%,0%
Boothbee,4.2,6,Clothing Store,http://boothbee.com/,,Oui,0%,0%,0%,0%,0%
modress,3.8,76,Clothing Store,http://modress.com/,,Oui,49%,7%,0%,18%,16%
Bons Prix,3.8,15,Clothing Store,http://blog.bons-prix.fr/,,Oui,33%,13%,0%,7%,27%
Mon Habit Chauffant,3.8,46,Clothing Store,https://mon-habit-chauffant.com/,,Oui,59%,0%,0%,0%,41%
Ryses,3.8,41,Shoe Store,http://www.ryses.de/,,Oui,61%,12%,0%,7%,0%
Blackcomb,3.9,3,Clothing Store,http://blackcomb.fr/,,Oui,67%,33%,0%,0%,0%
Animalins,3.9,3,Clothing Store,http://animalins.fr/,,Oui,67%,0%,33%,0%,0%
Schmiede Mode,4.3,7,Clothing Store,http://schmiedemode.de/,,Oui,0%,0%,0%,0%,0%
WARLDOR,3.8,2,Clothing Store,http://warldor.com/,"66 Av. des Champs-Élysées, 75008, Paris, France",Oui,0%,0%,0%,0%,0%
Bonobo Jeans,3.9,201,Clothing Store,http://bonoboplanet.com/,,Oui,46%,5%,1%,7%,41%
Cocorico,4.5,"15,125",Clothing Store,http://www.cocorico.store/,,Oui,77%,11%,5%,3%,4%
Vinted FR,3.4,"40,485",Clothing Store,https://vinted.fr/,,Oui,43%,7%,4%,4%,42%
Jolierobe,3.8,2,Clothing Store,http://jolierobe.fr/,,Oui,0%,0%,0%,0%,0%
Gold Fringues,3.8,2,Clothing Store,https://gold-fringues.com/,"21 rue de Normandie, 94700, Maisons-Alfort, France",Oui,0%,0%,0%,0%,0%
Eden Shop Sxm,3.8,5,Clothing Store,http://eden-shopsxm.com/,,Oui,0%,0%,0%,0%,0%
Morgan,3.8,518,Clothing Store,http://morgandetoi.fr/,,Oui,46%,6%,5%,4%,39%
Footkorner,3.4,"1,960",Clothing Store,http://footkorner.com/,,Oui,0%,0%,3%,2%,35%
Wexead,3.8,3,Clothing Store,https://wexead.com/,"5 Avenue du Général de Gaulle, 94160, Saint-Mandé, France",Oui,67%,33%,0%,0%,0%
Yokainoshima,3.8,5,Clothing Store,http://yokainoshima.fr/,,Oui,0%,0%,0%,0%,0%
Jacquessoloviereparis,3.8,2,Clothing Store,http://jacquessoloviereparis.com/,,Oui,0%,0%,0%,0%,0%
Skinproject,3.8,6,Clothing Store,http://www.skinproject.fr/,,Oui,66%,0%,17%,17%,0%
Realvoyages,3.8,2,Clothing Store,http://www.realvoyages.org/,,Oui,0%,0%,0%,0%,0%
tweedchasse.com,3.8,2,Clothing Store,http://tweedchasse.com/,,Oui,0%,0%,0%,0%,0%
Holekings,4.0,3,Clothing Store,http://www.holekings.com/,,Oui,0%,0%,0%,0%,0%
Fabulior,3.8,2,Clothing Store,https://www.fabulior.fr/,,Oui,0%,0%,0%,0%,0%
ZKGEAR,3.8,2,Clothing Store,http://zkgear.com/,"3 Avenue du Maréchal Devaux, 91200, Paris, France",Oui,0%,0%,0%,0%,0%
Sarenza,4.1,"3,777",Clothing Store,http://www.sarenza.com/,,Oui,53%,5%,2%,3%,37%
LionPower,3.8,2,Clothing Store,http://lionpower.fr/,,Oui,0%,0%,0%,0%,0%
Beauté Diva,3.8,2,Clothing Store,http://beautediva.fr/,"319 Rue du Bertillet, 73000, Chambéry, France",Oui,0%,0%,0%,0%,0%
BBR Créations,3.8,3,Clothing Store,https://www.bbrcreations.fr/,"28, rue Jean Jaurès, 81300, Graulhet, France",Oui,0%,0%,0%,0%,0%
Galloxy Store,3.8,2,Clothing Store,http://galloxy-store.com/,,Oui,0%,0%,0%,0%,0%
Horizons Lointains,4.7,"4,539",Clothing Store,https://horizons-lointains.fr/,"9 rue la Praya, 33950, Lège Cap Ferret, France",Oui,87%,7%,3%,1%,2%
Tendancesprivees,3.8,2,Clothing Store,http://tendancesprivees.fr/,,Oui,0%,0%,0%,0%,0%
Fitmefor20,4.0,4,Clothing Store,http://fitmefor20.com/,,Oui,0%,0%,0%,0%,0%
Royaldestockage,3.8,2,Clothing Store,http://royaldestockage.com/,"55 rue de la liberté, 78200, mantes-la-jolie, France",Oui,0%,0%,0%,0%,0%
NORM-CORE,4.3,"1,605",Clothing Store,http://norm-core.com/,,Oui,72%,12%,4%,4%,8%
Theblackluxe,3.4,2,Clothing Store,https://theblackluxe.com/,,Oui,0%,0%,0%,0%,0%
TÉVA SARTORI,3.8,2,Clothing Store,http://tevasartori.com/,,Oui,0%,0%,0%,0%,0%
Motus Boutique,4.5,"1,079",Clothing Store,http://www.motusboutique.fr/,,Oui,78%,0%,4%,3%,5%
Vestiaire Collective,4.1,"72,807",Clothing Store,http://vestiairecollective.com/?utm_medium=partnership&utm_source=trustpilot.com,"53 Rue de Châteaudun, 75009, Paris, France",Oui,59%,9%,4%,3%,25%
Warm People,3.8,2,Clothing Store,http://warmpeople.co/,,Oui,0%,0%,0%,0%,0%
Action Locale,3.8,2,Clothing Store,http://action-locale.fr/,,Oui,0%,0%,0%,0%,0%
Boothbee,4.2,6,Clothing Store,http://boothbee.com/,,Oui,0%,0%,0%,0%,0%
Schmiede Mode,4.3,7,Clothing Store,http://schmiedemode.de/,,Oui,0%,0%,0%,0%,0%
Kaylis,3.8,2,Clothing Store,http://kaylis.fr/,,Oui,0%,0%,0%,0%,0%
Bonobo Jeans,3.9,201,Clothing Store,http://bonoboplanet.com/,,Oui,46%,5%,1%,7%,41%
Cocorico,4.5,"15,125",Clothing Store,http://www.cocorico.store/,,Oui,77%,11%,5%,3%,4%
Vinted FR,3.4,"40,485",Clothing Store,https://vinted.fr/,,Oui,43%,7%,4%,4%,42%
Offend® Store,3.8,2,Clothing Store,http://offendstore.com/,", 75009, Paris, France",Oui,0%,0%,0%,0%,0%
votrechapeau.com,3.8,2,Clothing Store,http://votrechapeau.com/,,Oui,0%,0%,0%,0%,0%
Morgan,3.8,518,Clothing Store,http://morgandetoi.fr/,,Oui,46%,6%,5%,4%,39%
Destockheaven,3.8,2,Clothing Store,http://destockheaven.fr/,,Oui,0%,0%,0%,0%,0%
Footkorner,3.4,"1,960",Clothing Store,http://footkorner.com/,,Oui,0%,0%,3%,2%,35%
Otakulevel10,3.8,2,Clothing Store,http://otakulevel10.fr/,,Oui,0%,0%,0%,0%,0%
Kleostores,3.8,2,Clothing Store,http://kleostores.com/,,Oui,0%,0%,0%,0%,0%
Vinflexwear,3.8,2,Clothing Store,http://vinflexwear.com/,"26 Rue Virginia, 33200, Bordeaux, France",Oui,0%,0%,0%,0%,0%
Holekings,4.0,3,Clothing Store,http://www.holekings.com/,,Oui,0%,0%,0%,0%,0%
Labriquedereve,3.8,2,Clothing Store,http://labriquedereve.fr/,,Oui,0%,0%,0%,0%,0%
boutiquelecomptoir.fr,3.8,2,Shoe Store,http://boutiquelecomptoir.fr/,"1 rue Saint-Jacques, 83680, LA GARDE FREINET, France",Oui,0%,0%,0%,0%,0%
Sarenza,4.1,"3,777",Clothing Store,http://www.sarenza.com/,,Oui,53%,5%,2%,3%,37%
loveislikearoseparis,3.8,2,Clothing Store,http://loveislikearoseparis.com/,,Oui,0%,0%,0%,0%,0%
feteimperiale.fr,3.8,2,Clothing Store,http://feteimperiale.fr/,,Oui,0%,0%,0%,0%,0%
Eden Park,3.8,2,Clothing Store,http://www.eden-park.fr/,,Oui,0%,0%,0%,0%,0%
orbans.fr,3.8,2,Clothing Store,http://www.orbans.fr/,,Oui,0%,0%,0%,0%,0%
Horizons Lointains,4.7,"4,539",Clothing Store,https://horizons-lointains.fr/,"9 rue la Praya, 33950, Lège Cap Ferret, France",Oui,87%,7%,3%,1%,2%
Fitmefor20,4.0,4,Clothing Store,http://fitmefor20.com/,,Oui,0%,0%,0%,0%,0%
NORM-CORE,4.3,"1,605",Clothing Store,http://norm-core.com/,,Oui,72%,12%,4%,4%,8%
hotel saint louis,3.8,2,Clothing Store,http://brest-hotel.com/,"Rue Algésiras 6, 29200, Brest, France",Oui,0%,0%,0%,0%,0%
Theblackluxe,3.4,2,Clothing Store,https://theblackluxe.com/,,Oui,0%,0%,0%,0%,0%
Motus Boutique,4.5,"1,079",Clothing Store,http://www.motusboutique.fr/,,Oui,78%,0%,4%,3%,5%
Mangalys,3.8,2,Clothing Store,http://mangalys.com/,,Oui,0%,0%,0%,0%,0%
Vestiaire Collective,4.1,"72,807",Clothing Store,http://vestiairecollective.com/?utm_medium=partnership&utm_source=trustpilot.com,"53 Rue de Châteaudun, 75009, Paris, France",Oui,59%,9%,4%,3%,25%
Warm People,3.8,2,Clothing Store,http://warmpeople.co/,,Oui,0%,0%,0%,0%,0%
Boothbee,4.2,6,Clothing Store,http://boothbee.com/,,Oui,0%,0%,0%,0%,0%
popsgym.fr,3.8,2,Clothing Store,http://popsgym.fr/,,Oui,0%,0%,0%,0%,0%
Classerobes,3.8,2,Clothing Store,http://www.millesetunenuits.com/,,Oui,0%,0%,0%,0%,0%
Rock Ange'Hell,3.8,2,Clothing Store,http://www.rockangehell.com/,"Rue de la Maladrie 29, 44120, Vertou, France",Oui,0%,0%,0%,0%,0%
ONESTYLE,3.8,2,Clothing Store,http://onestylebrand.com/,,Oui,0%,0%,0%,0%,0%
Schmiede Mode,4.3,7,Clothing Store,http://schmiedemode.de/,,Oui,0%,0%,0%,0%,0%
leporteurdemenhir.com,3.8,2,Clothing Store,http://leporteurdemenhir.com/,,Oui,0%,0%,0%,0%,0%
Bonobo Jeans,3.9,201,Clothing Store,http://bonoboplanet.com/,,Oui,46%,5%,1%,7%,41%
Razo,3.8,2,Clothing Store,http://www.razo.fr/,"91 Rue Lazare Carnot, 92140, Clamart, France",Oui,0%,0%,0%,0%,0%
Cocorico,4.5,"15,125",Clothing Store,http://www.cocorico.store/,,Oui,77%,11%,5%,3%,4%
Vinted FR,3.4,"40,485",Clothing Store,https://vinted.fr/,,Oui,43%,7%,4%,4%,42%
Toutpourlachaussure,3.8,2,Clothing Store,http://www.toutpourlachaussure.com/,,Oui,0%,0%,0%,0%,0%
bellepaga.com,3.8,2,Clothing Store,http://bellepaga.com/,,Oui,0%,0%,0%,0%,0%
Morgan,3.8,518,Clothing Store,http://morgandetoi.fr/,,Oui,46%,6%,5%,4%,39%
Footkorner,3.4,"1,960",Clothing Store,http://footkorner.com/,,Oui,0%,0%,3%,2%,35%
lolaluna.com,3.8,2,Clothing Store,http://lolaluna.com/,,Oui,0%,0%,0%,0%,0%
Infanziabimbo,3.8,2,Clothing Store,http://passionbebe.fr/,,Oui,0%,0%,0%,0%,0%
Explore (exploreshop.fr),3.8,2,Clothing Store,http://exploreshop.fr/,,Oui,0%,0%,0%,0%,0%
ViviPop's,3.8,2,Shoe Store,http://vivipops.fr/,"17bis Pole Crau Durance, 13670, Saint Andiol, France",Oui,0%,0%,0%,0%,0%
Kayobi,3.8,2,Clothing Store,http://kayobi.com/,,Oui,0%,0%,0%,0%,0%
Common Paris,3.8,2,Clothing Store,http://common-paris.com/,"38 rue amelot, 75011, Paris, France",Oui,0%,0%,0%,0%,0%
Holekings,4.0,3,Clothing Store,http://www.holekings.com/,,Oui,0%,0%,0%,0%,0%
Moodes,3.8,2,Clothing Store,http://moodes.fr/,,Oui,0%,0%,0%,0%,0%
Sarenza,4.1,"3,777",Clothing Store,http://www.sarenza.com/,,Oui,53%,5%,2%,3%,37%
Econe,3.8,2,Clothing Store,http://econe.co/,,Oui,0%,0%,0%,0%,0%
À l'Ombre des Marques,3.8,2,Clothing Store,http://alombredesmarques.fr/,"Atlansèvre - 7, rue de la Pérouse, 79260, La Crèche, France",Oui,0%,0%,0%,0%,0%
Horizons Lointains,4.7,"4,539",Clothing Store,https://horizons-lointains.fr/,"9 rue la Praya, 33950, Lège Cap Ferret, France",Oui,87%,7%,3%,1%,2%
Colognese,3.8,2,Clothing Store,http://www.colognese.com/,,Oui,0%,0%,0%,0%,0%
Fitmefor20,4.0,4,Clothing Store,http://fitmefor20.com/,,Oui,0%,0%,0%,0%,0%
urbantees.fr,3.8,2,Clothing Store,http://urbantees.fr/,,Oui,0%,0%,0%,0%,0%
AKHAWAT,3.8,2,Clothing Store,http://akhawat.fr/,"Chemin de Lestang 133, 31100, Toulouse, France",Oui,0%,0%,0%,0%,0%
NORM-CORE,4.3,"1,605",Clothing Store,http://norm-core.com/,,Oui,72%,12%,4%,4%,8%
Theblackluxe,3.4,2,Clothing Store,https://theblackluxe.com/,,Oui,0%,0%,0%,0%,0%
Motus Boutique,4.5,"1,079",Clothing Store,http://www.motusboutique.fr/,,Oui,78%,0%,4%,3%,5%
Ride Central,3.8,2,Clothing Store,http://ridecentral.fr/,,Oui,0%,0%,0%,0%,0%
Vestiaire Collective,4.1,"72,807",Clothing Store,http://vestiairecollective.com/?utm_medium=partnership&utm_source=trustpilot.com,"53 Rue de Châteaudun, 75009, Paris, France",Oui,59%,9%,4%,3%,25%
Warm People,3.8,2,Clothing Store,http://warmpeople.co/,,Oui,0%,0%,0%,0%,0%
Wrongway,3.8,2,Clothing Store,http://wrongway.fr/,,Oui,0%,0%,0%,0%,0%
Boothbee,4.2,6,Clothing Store,http://boothbee.com/,,Oui,0%,0%,0%,0%,0%
Urbana Shop,3.8,2,Shoe Store,http://urbana-shop.com/,,Oui,0%,0%,0%,0%,0%
Schmiede Mode,4.3,7,Clothing Store,http://schmiedemode.de/,,Oui,0%,0%,0%,0%,0%
Sowelldesign,3.8,2,Clothing Store,http://sowelldesign.fr/,,Oui,0%,0%,0%,0%,0%
mikyeurobici,3.8,2,Clothing Store,https://www.mikyeurobici.com/,,Oui,0%,0%,0%,0%,0%
Talister,3.7,24,Clothing Store,http://talister.fr/,,Oui,59%,8%,4%,29%,0%
Cocorico,4.5,"15,125",Clothing Store,http://www.cocorico.store/,,Oui,77%,11%,5%,3%,4%
Vinted FR,3.4,"40,485",Clothing Store,https://vinted.fr/,,Oui,43%,7%,4%,4%,42%
bonprix,4.0,"10,921",Clothing Store,http://www.bonprix.fr/,,Oui,55%,27%,9%,3%,6%
Morgan,3.8,518,Clothing Store,http://morgandetoi.fr/,,Oui,46%,6%,5%,4%,39%
Footkorner,3.4,"1,960",Clothing Store,http://footkorner.com/,,Oui,0%,0%,3%,2%,35%
Passionata,3.7,24,Clothing Store,http://www.passionata.com/,,Oui,54%,13%,4%,0%,29%
Beautycalendar,3.7,4,Clothing Store,http://beautycalendar.fr/,,Oui,75%,0%,0%,0%,25%
Camoufletoi,3.7,11,Clothing Store,http://camoufletoi.fr/,,Oui,27%,0%,9%,0%,64%
Appolo Luxury,3.8,2,Clothing Store,http://appololuxury.com/,,Oui,0%,0%,0%,0%,0%
davrilsupply.com,3.7,27,Clothing Store,http://davrilsupply.com/,,Oui,59%,4%,11%,7%,19%
Kaava Patterns,3.7,16,Clothing Store,http://kaavapatterns.com/,"14 rue Guillaume Tell, 75017, Paris, France",Oui,75%,13%,6%,6%,0%
Mangapixel,3.8,2,Clothing Store,http://mangapixel.com/,,Oui,0%,0%,0%,0%,0%
Holekings,4.0,3,Clothing Store,http://www.holekings.com/,,Oui,0%,0%,0%,0%,0%
Sarenza,4.1,"3,777",Clothing Store,http://www.sarenza.com/,,Oui,53%,5%,2%,3%,37%
AMAZONEN-Werke H. Dreyer GmbH & Co. KG,3.7,12,Clothing Store,http://amazone.fr/,,Oui,33%,17%,17%,0%,33%
Yamakits,3.7,60,Clothing Store,https://yamakits.net/,,Oui,61%,2%,2%,8%,27%
CFAITENFRANCE,3.7,5,Clothing Store,http://cfaitenfrance.fr/,"27 rue des Frères Franquet, 59310, 59310 MOUCHIN, France",Oui,0%,0%,0%,0%,0%
Horizons Lointains,4.7,"4,539",Clothing Store,https://horizons-lointains.fr/,"9 rue la Praya, 33950, Lège Cap Ferret, France",Oui,87%,7%,3%,1%,2%
Fitmefor20,4.0,4,Clothing Store,http://fitmefor20.com/,,Oui,0%,0%,0%,0%,0%
Grain de sel,3.8,2,Clothing Store,http://mode-et-marques.fr/,"Avenue de la Gare 3, 12500, Espalion, France",Oui,0%,0%,0%,0%,0%
NORM-CORE,4.3,"1,605",Clothing Store,http://norm-core.com/,,Oui,72%,12%,4%,4%,8%
Claquettesmarket,3.7,5,Clothing Store,http://claquettesmarket.com/,,Oui,0%,0%,0%,0%,0%
Headict.com,3.7,21,Clothing Store,http://headict.com/,"Rue Filaterie 19, 74000, Annecy, France",Oui,48%,5%,0%,14%,33%
Theblackluxe,3.4,2,Clothing Store,https://theblackluxe.com/,,Oui,0%,0%,0%,0%,0%
DIFFERENT®,3.7,79,Clothing Store,http://www.different-wear.com/,"75009, Paris, France",Oui,59%,9%,5%,9%,18%
Rubber Eva,3.7,18,Clothing Store,http://www.rubberevashop.com/,,Oui,78%,5%,0%,6%,11%
Motus Boutique,4.5,"1,079",Clothing Store,http://www.motusboutique.fr/,,Oui,78%,0%,4%,3%,5%
Vestiaire Collective,4.1,"72,807",Clothing Store,http://vestiairecollective.com/?utm_medium=partnership&utm_source=trustpilot.com,"53 Rue de Châteaudun, 75009, Paris, France",Oui,59%,9%,4%,3%,25%
Ryses,3.7,10,Shoe Store,http://ryses.be/,,Oui,0%,0%,0%,0%,0%
Warm People,3.8,2,Clothing Store,http://warmpeople.co/,,Oui,0%,0%,0%,0%,0%
Boothbee,4.2,6,Clothing Store,http://boothbee.com/,,Oui,0%,0%,0%,0%,0%
Néejolie,3.7,10,Clothing Store,http://www.neejolie.fr/,,Oui,0%,0%,0%,0%,0%
Wordans France,3.7,"3,366",Clothing Store,http://wordans.fr/,"14 Boulevard Raymond Poincaré, 92380, Garches, France",Oui,67%,0%,3%,3%,17%
Schmiede Mode,4.3,7,Clothing Store,http://schmiedemode.de/,,Oui,0%,0%,0%,0%,0%
Graduate,3.7,4,Clothing Store,http://graduate.fr/,,Oui,0%,0%,0%,0%,0%
Cocorico,4.5,"15,125",Clothing Store,http://www.cocorico.store/,,Oui,77%,11%,5%,3%,4%
Vinted FR,3.4,"40,485",Clothing Store,https://vinted.fr/,,Oui,43%,7%,4%,4%,42%
Saola,3.7,3,Clothing Store,http://saola.com/,,Oui,67%,0%,0%,33%,0%
ecoline.fr,3.7,2,Clothing Store,http://ecoline.fr/,,Oui,0%,0%,0%,0%,0%
bonprix,4.0,"10,921",Clothing Store,http://www.bonprix.fr/,,Oui,55%,27%,9%,3%,6%
Morgan,3.8,518,Clothing Store,http://morgandetoi.fr/,,Oui,46%,6%,5%,4%,39%
Footkorner,3.4,"1,960",Clothing Store,http://footkorner.com/,,Oui,0%,0%,3%,2%,35%
Melyana.fr,3.7,3,Clothing Store,http://melyana.fr/,"31 Rue du Bessay, 69800, saint-priest, France",Oui,67%,0%,0%,33%,0%
Whitespey,3.7,2,Clothing Store,http://whitespey.com/,"5 Av. Secrétan, 75019, Paris, France",Oui,0%,0%,0%,0%,0%
Lospragua,3.7,2,Clothing Store,http://lospragua.com/,"2 rue abel, 75012 paris, 75012, Paris, France",Oui,0%,0%,0%,0%,0%
Monfoulardensoie,3.7,1,Clothing Store,http://monfoulardensoie.fr/,,Oui,0%,0%,0%,0%,0%
Tenshi Streetwear,3.7,2,Clothing Store,http://tenshi-streetwear.fr/,,Oui,0%,0%,0%,0%,0%
Holekings,4.0,3,Clothing Store,http://www.holekings.com/,,Oui,0%,0%,0%,0%,0%
Cravates-Shop.fr,3.7,1,Clothing Store,http://cravates-shop.fr/,,Oui,0%,0%,0%,0%,0%
Lartderire,3.7,2,Clothing Store,http://lartderire.fr/,,Oui,0%,0%,0%,0%,0%
Sarenza,4.1,"3,777",Clothing Store,http://www.sarenza.com/,,Oui,53%,5%,2%,3%,37%
HOLA CHICO!,3.7,1,Clothing Store,http://holachico.fr/,,Oui,0%,0%,0%,0%,0%
Zombie,3.7,2,Clothing Store,http://zombie.fr/,,Oui,0%,0%,0%,0%,0%
Elysa Puteaux,3.7,2,Clothing Store,http://elysa-puteaux.com/,,Oui,0%,0%,0%,0%,0%
europann.com,3.7,2,Clothing Store,http://europann.com/,,Oui,0%,0%,0%,0%,0%
Horizons Lointains,4.7,"4,539",Clothing Store,https://horizons-lointains.fr/,"9 rue la Praya, 33950, Lège Cap Ferret, France",Oui,87%,7%,3%,1%,2%
Fitmefor20,4.0,4,Clothing Store,http://fitmefor20.com/,,Oui,0%,0%,0%,0%,0%
Discobole,3.7,2,Clothing Store,http://discobole.fr/,,Oui,0%,0%,0%,0%,0%
NORM-CORE,4.3,"1,605",Clothing Store,http://norm-core.com/,,Oui,72%,12%,4%,4%,8%
Promo Codes,3.7,2,Shoe Store,http://promo-codes.fr/,,Oui,0%,0%,0%,0%,0%
Theblackluxe,3.4,2,Clothing Store,https://theblackluxe.com/,,Oui,0%,0%,0%,0%,0%
Motus Boutique,4.5,"1,079",Clothing Store,http://www.motusboutique.fr/,,Oui,78%,0%,4%,3%,5%
Vestiaire Collective,4.1,"72,807",Clothing Store,http://vestiairecollective.com/?utm_medium=partnership&utm_source=trustpilot.com,"53 Rue de Châteaudun, 75009, Paris, France",Oui,59%,9%,4%,3%,25%
Mon Alarme,3.7,3,Clothing Store,http://mon-alarme.fr/,,Oui,33%,67%,0%,0%,0%
Warm People,3.8,2,Clothing Store,http://warmpeople.co/,,Oui,0%,0%,0%,0%,0%
Boothbee,4.2,6,Clothing Store,http://boothbee.com/,,Oui,0%,0%,0%,0%,0%
Hatila,3.7,2,Clothing Store,http://hatila.fr/,,Oui,0%,0%,0%,0%,0%
Vintel Attire,3.7,1,Clothing Store,http://vintel-attire.com/,,Oui,0%,0%,0%,0%,0%
Iloprix,3.7,2,Clothing Store,http://www.iloprix.com/,,Oui,0%,0%,0%,0%,0%
Schmiede Mode,4.3,7,Clothing Store,http://schmiedemode.de/,,Oui,0%,0%,0%,0%,0%
Jeanne L. Paris,3.7,2,Clothing Store,http://jeannelparis.fr/,"17 rue d'Edimbourg, 75008, Paris (75008), France",Oui,0%,0%,0%,0%,0%
Sharafdg,3.7,1,Clothing Store,http://sharafdg.net/,,Oui,0%,0%,0%,0%,0%
Objet Personnalise,3.7,1,Clothing Store,http://www.objet-personnalise.com/,,Oui,0%,0%,0%,0%,0%
Cocorico,4.5,"15,125",Clothing Store,http://www.cocorico.store/,,Oui,77%,11%,5%,3%,4%
Vinted FR,3.4,"40,485",Clothing Store,https://vinted.fr/,,Oui,43%,7%,4%,4%,42%
bonprix,4.0,"10,921",Clothing Store,http://www.bonprix.fr/,,Oui,55%,27%,9%,3%,6%
Bymangashop,3.7,1,Clothing Store,http://bymangashop.fr/,,Oui,0%,0%,0%,0%,0%
Morgan,3.8,518,Clothing Store,http://morgandetoi.fr/,,Oui,46%,6%,5%,4%,39%
Footkorner,3.4,"1,960",Clothing Store,http://footkorner.com/,,Oui,0%,0%,3%,2%,35%
Luxoptic Eyewear,3.7,1,Clothing Store,http://luxoptic.com/,,Oui,0%,0%,0%,0%,0%
Mimimalices,3.7,1,Clothing Store,http://mimimalices.com/,"147 Avenue de Clichy, 75017, Paris, France",Oui,0%,0%,0%,0%,0%
Monfoulardensoie,3.7,1,Clothing Store,http://monfoulardensoie.fr/,,Oui,0%,0%,0%,0%,0%
Holekings,4.0,3,Clothing Store,http://www.holekings.com/,,Oui,0%,0%,0%,0%,0%
Wcarecenter,3.7,1,Clothing Store,http://www.wcarecenter.fr/,,Oui,0%,0%,0%,0%,0%
Cravates-Shop.fr,3.7,1,Clothing Store,http://cravates-shop.fr/,,Oui,0%,0%,0%,0%,0%
Méridien,3.7,1,Clothing Store,http://meridien-official.com/,,Oui,0%,0%,0%,0%,0%
Styleco,3.7,1,Clothing Store,http://www.styleco.fr/,,Oui,0%,0%,0%,0%,0%
Sarenza,4.1,"3,777",Clothing Store,http://www.sarenza.com/,,Oui,53%,5%,2%,3%,37%
Lajoliecabane,3.7,1,Clothing Store,http://www.lajoliecabane.fr/,,Oui,0%,0%,0%,0%,0%
Copains Copines,3.7,1,Clothing Store,http://copcopine.fr/,,Oui,0%,0%,0%,0%,0%
Horizons Lointains,4.7,"4,539",Clothing Store,https://horizons-lointains.fr/,"9 rue la Praya, 33950, Lège Cap Ferret, France",Oui,87%,7%,3%,1%,2%
Fitmefor20,4.0,4,Clothing Store,http://fitmefor20.com/,,Oui,0%,0%,0%,0%,0%
NORM-CORE,4.3,"1,605",Clothing Store,http://norm-core.com/,,Oui,72%,12%,4%,4%,8%
Theblackluxe,3.4,2,Clothing Store,https://theblackluxe.com/,,Oui,0%,0%,0%,0%,0%
Motus Boutique,4.5,"1,079",Clothing Store,http://www.motusboutique.fr/,,Oui,78%,0%,4%,3%,5%
Vestiaire Collective,4.1,"72,807",Clothing Store,http://vestiairecollective.com/?utm_medium=partnership&utm_source=trustpilot.com,"53 Rue de Châteaudun, 75009, Paris, France",Oui,59%,9%,4%,3%,25%
Pointureplus,3.7,1,Clothing Store,http://www.pointureplus.fr/,,Oui,0%,0%,0%,0%,0%
Vins Independance,3.7,1,Clothing Store,http://www.vins-independance.com/,,Oui,0%,0%,0%,0%,0%
Warm People,3.8,2,Clothing Store,http://warmpeople.co/,,Oui,0%,0%,0%,0%,0%
Boothbee,4.2,6,Clothing Store,http://boothbee.com/,,Oui,0%,0%,0%,0%,0%
Run4Sell,3.7,1,Clothing Store,http://run4sell.com/,,Oui,0%,0%,0%,0%,0%
Lyris Clothing,3.7,1,Clothing Store,http://lyris-clothing.com/,,Oui,0%,0%,0%,0%,0%
DRIPY CLOTHING,3.7,1,Clothing Store,http://dripyclothing.com/,,Oui,0%,0%,0%,0%,0%
Vintel Attire,3.7,1,Clothing Store,http://vintel-attire.com/,,Oui,0%,0%,0%,0%,0%
Poupees,3.7,1,Clothing Store,http://poupees.fr/,,Oui,0%,0%,0%,0%,0%
Schmiede Mode,4.3,7,Clothing Store,http://schmiedemode.de/,,Oui,0%,0%,0%,0%,0%
Plomberieenligne,3.7,1,Shoe Store,http://plomberieenligne.fr/,,Oui,0%,0%,0%,0%,0%
Cocorico,4.5,"15,125",Clothing Store,http://www.cocorico.store/,,Oui,77%,11%,5%,3%,4%
Caftaniaparis,3.7,1,Clothing Store,http://caftaniaparis.com/,,Oui,0%,0%,0%,0%,0%
Vinted FR,3.4,"40,485",Clothing Store,https://vinted.fr/,,Oui,43%,7%,4%,4%,42%
Kachalou,3.7,1,Clothing Store,http://www.kachalou.fr/,,Oui,0%,0%,0%,0%,0%
Dornier,3.7,1,Jewelry Store,http://dornier.fr/,,Oui,0%,0%,0%,0%,0%
bonprix,4.0,"10,921",Clothing Store,http://www.bonprix.fr/,,Oui,55%,27%,9%,3%,6%
Morgan,3.8,518,Clothing Store,http://morgandetoi.fr/,,Oui,46%,6%,5%,4%,39%
Footkorner,3.4,"1,960",Clothing Store,http://footkorner.com/,,Oui,0%,0%,3%,2%,35%
Arod,3.7,1,Clothing Store,http://www.arod.fr/,,Oui,0%,0%,0%,0%,0%
Secondsouffle Boutique,3.7,1,Clothing Store,http://secondsouffle-boutique.fr/,,Oui,0%,0%,0%,0%,0%
Erato Paris,3.7,1,Clothing Store,http://erato-paris.com/,,Oui,0%,0%,0%,0%,0%
Campione Fashion,3.7,1,Clothing Store,http://campione-fashion.com/,,Oui,0%,0%,0%,0%,0%
Salaison Rinjonneau,3.7,1,Clothing Store,http://www.salaison-rinjonneau.fr/,,Oui,0%,0%,0%,0%,0%
Holekings,4.0,3,Clothing Store,http://www.holekings.com/,,Oui,0%,0%,0%,0%,0%
Extreme Padel,3.7,1,Clothing Store,http://extreme-padel.fr/,,Oui,0%,0%,0%,0%,0%
Sarenza,4.1,"3,777",Clothing Store,http://www.sarenza.com/,,Oui,53%,5%,2%,3%,37%
Scottage,3.7,1,Clothing Store,http://scottage.fr/,,Oui,0%,0%,0%,0%,0%
Hypefruits,3.7,1,Clothing Store,http://hypefruits.fr/,,Oui,0%,0%,0%,0%,0%
clubbywear,3.7,1,Clothing Store,http://www.clubbywear.com/,,Oui,0%,0%,0%,0%,0%
